x_pu,h_kg_per_MWh,power_MW,h2_kg_per_h,efficiency_kg_per_MWh
0.150000000000,3.366678444807,14.205000000000,318.824448723186,22.444522965377
0.150850850851,3.384616604209,14.285575575576,320.523192418578,22.436841324516
0.151701701702,3.402545530404,14.366151151151,322.221061729289,22.429184987621
0.152552552553,3.420465248473,14.446726726727,323.918059030367,22.421553695697
0.153403403403,3.438375783030,14.527302302302,325.614186652900,22.413947192473
0.154254254254,3.456277160276,14.607877877878,327.309447078171,22.406365237612
0.155105105105,3.474169403340,14.688453453453,329.003842496276,22.398807576227
0.155955955956,3.492052538573,14.769029029029,330.697375402840,22.391273979680
0.156806806807,3.509926588677,14.849604604605,332.390047947706,22.383764201010
0.157657657658,3.527791579455,14.930180180180,334.081862574431,22.376278018260
0.158508508509,3.545647533179,15.010755755756,335.772821392012,22.368815191951
0.159359359359,3.563494475048,15.091331331331,337.462926787077,22.361375506114
0.160210210210,3.581332427877,15.171906906907,339.152180919953,22.353958734453
0.161061061061,3.599161415035,15.252482482482,340.840586003821,22.346564658919
0.161911911912,3.616981460336,15.333058058058,342.528144293812,22.339193068783
0.162762762763,3.634792585970,15.413633633634,344.214857891363,22.331843747750
0.163613613614,3.652594815023,15.494209209209,345.900728982721,22.324516489498
0.164464464464,3.670388170513,15.574784784785,347.585759747584,22.317211091555
0.165315315315,3.688172674827,15.655360360360,349.269952306092,22.309927351813
0.166166166166,3.705948349504,15.735935935936,350.953308698051,22.302665067197
0.167017017017,3.723715217250,15.816511511512,352.635831073621,22.295424045749
0.167867867868,3.741473300080,15.897087087087,354.317521517535,22.288204095286
0.168718718719,3.759222619722,15.977662662663,355.998382087671,22.281005025822
0.169569569570,3.776963197750,16.058238238238,357.678414826918,22.273826650249
0.170420420420,3.794695055580,16.138813813814,359.357621763390,22.266668784282
0.171271271271,3.812418214474,16.219389389389,361.036004910643,22.259531246400
0.172122122122,3.830132695543,16.299964964965,362.713566267876,22.252413857790
0.172972972973,3.847838519674,16.380540540541,364.390307813167,22.245316441868
0.173823823824,3.865535707834,16.461116116116,366.066231531914,22.238238825952
0.174674674675,3.883224280680,16.541691691692,367.741339380381,22.231180838964
0.175525525526,3.900904258601,16.622267267267,369.415633289477,22.224142311617
0.176376376376,3.918575662051,16.702842842843,371.089115196212,22.217123078256
0.177227227227,3.936238511276,16.783418418418,372.761787017791,22.210122975229
0.178078078078,3.953892826382,16.863993993994,374.433650658409,22.203141841236
0.178928928929,3.971538627343,16.944569569570,376.104708009424,22.196179517293
0.179779779780,3.989175933997,17.025145145145,377.774960949535,22.189235846677
0.180630630631,4.006804766050,17.105720720721,379.444411344953,22.182310674891
0.181481481481,4.024425142949,17.186296296296,381.113061037284,22.175403848903
0.182332332332,4.042037083545,17.266871871872,382.780911811695,22.168515215269
0.183183183183,4.059640607804,17.347447447447,384.447965559018,22.161644629486
0.184034034034,4.077235734923,17.428023023023,386.114224097202,22.154791945543
0.184884884885,4.094822483606,17.508598598599,387.779689197481,22.147957017446
0.185735735736,4.112400872358,17.589174174174,389.444362612343,22.141139700814
0.186586586587,4.129970920748,17.669749749750,391.108246194867,22.134339859590
0.187437437437,4.147532646984,17.750325325325,392.771341669361,22.127557352933
0.188288288288,4.165086069243,17.830900900901,394.433650757328,22.120792042392
0.189139139139,4.182631206853,17.911476476476,396.095175288934,22.114043798072
0.189989989990,4.200168076800,17.992052052052,397.755916872940,22.107312480100
0.190840840841,4.217696698431,18.072627627628,399.415877341397,22.100597963453
0.191691691692,4.235217088947,18.153203203203,401.075058323309,22.093900114143
0.192542542543,4.252729266863,18.233778778779,402.733461571938,22.087218807363
0.193393393393,4.270233249450,18.314354354354,404.391088722908,22.080553914081
0.194244244244,4.287729055046,18.394929929930,406.047941512857,22.073905313017
0.195095095095,4.305216700351,18.475505505506,407.704021523244,22.067272876607
0.195945945946,4.322696203987,18.556081081081,409.359330517538,22.060656489311
0.196796796797,4.340167582016,18.636656656657,411.013870016870,22.054056024585
0.197647647648,4.357630852707,18.717232232232,412.667641751312,22.047471369227
0.198498498498,4.375086033171,18.797807807808,414.320647341267,22.040902406140
0.199349349349,4.392533139523,18.878383383383,415.972888312867,22.034349015234
0.200200200200,4.409972189727,18.958958958959,417.624366367149,22.027811087686
0.201051051051,4.427403200561,19.039534534535,419.275083093149,22.021288510633
0.201901901902,4.444826188018,19.120110110110,420.925040005312,22.014781169212
0.202752752753,4.462241169240,19.200685685686,422.574238727074,22.008288956165
0.203603603604,4.479648160951,19.281261261261,424.222680842047,22.001811763962
0.204454454454,4.497047179558,19.361836836837,425.870367904144,21.995349485329
0.205305305305,4.514438241381,19.442412412412,427.517301458758,21.988902014331
0.206156156156,4.531821362132,19.522987987988,429.163482993866,21.982469243843
0.207007007007,4.549196558540,19.603563563564,430.808914093778,21.976051073413
0.207857857858,4.566563846670,19.684139139139,432.453596279602,21.969647401025
0.208708708709,4.583923242488,19.764714714715,434.097531063604,21.963258125877
0.209559559560,4.601274761880,19.845290290290,435.740719950011,21.956883148402
0.210410410410,4.618618420645,19.925865865866,437.383164435105,21.950522370241
0.211261261261,4.635954234502,20.006441441441,439.024866007312,21.944175694230
0.212112112112,4.653282219084,20.087017017017,440.665826147289,21.937843024376
0.212962962963,4.670602389947,20.167592592593,442.306046328013,21.931524265840
0.213813813814,4.687914762565,20.248168168168,443.945528014862,21.925219324916
0.214664664665,4.705219352331,20.328743743744,445.584272665707,21.918928109015
0.215515515516,4.722516174562,20.409319319319,447.222281730985,21.912650526647
0.216366366366,4.739805244496,20.489894894895,448.859556653789,21.906386487401
0.217217217217,4.757086577296,20.570470470470,450.496098869943,21.900135901930
0.218068068068,4.774360187937,20.651046046046,452.131909797610,21.893898681427
0.218918918919,4.791626091051,20.731621621622,453.766990822536,21.887674736900
0.219769769770,4.808884301992,20.812197197197,455.401343398658,21.881463984014
0.220620620621,4.826134835623,20.892772772773,457.034968933542,21.875266337513
0.221471471471,4.843377706736,20.973348348348,458.667868827873,21.869081713125
0.222322322322,4.860612929721,21.053923923924,460.300044444619,21.862910026077
0.223173173173,4.877840518922,21.134499499500,461.931497141943,21.856751192659
0.224024024024,4.895060489478,21.215075075075,463.562228353540,21.850605133996
0.224874874875,4.912272855896,21.295650650651,465.192239453305,21.844471769595
0.225725725726,4.929477631515,21.376226226226,466.821531704517,21.838351015007
0.226576576577,4.946674831666,21.456801801802,468.450106558787,21.832242795823
0.227427427427,4.963864470548,21.537377377377,470.077965360905,21.826147033792
0.228278278278,4.981046561367,21.617952952953,471.705109361469,21.820063647471
0.229129129129,4.998221119432,21.698528528529,473.331540010183,21.813992565803
0.229979979980,5.015388157788,21.779104104104,474.957258542507,21.807933708945
0.230830830831,5.032547691007,21.859679679680,476.582266338333,21.801887004838
0.231681681682,5.049699732681,21.940255255255,478.206564684845,21.795852378258
0.232532532533,5.066844296688,22.020830830831,479.830154896400,21.789829756314
0.233383383383,5.083981396781,22.101406406406,481.453038275191,21.783819066629
0.234234234234,5.101111046711,22.181981981982,483.075216123569,21.777820237883
0.235085085085,5.118233259830,22.262557557558,484.696689705935,21.771833198086
0.235935935936,5.135348050324,22.343133133133,486.317460365654,21.765857879819
0.236786786787,5.152455430592,22.423708708709,487.937529277018,21.759894209093
0.237637637638,5.169555415233,22.504284284284,489.556897822532,21.753942122230
0.238488488488,5.186648016872,22.584859859860,491.175567197741,21.748001548184
0.239339339339,5.203733248889,22.665435435435,492.793538669767,21.742072420075
0.240190190190,5.220811125027,22.746011011011,494.410813540048,21.736154673481
0.241041041041,5.237881657885,22.826586586587,496.027393001744,21.730248240147
0.241891891892,5.254944860591,22.907162162162,497.643278297955,21.724353054957
0.242742742743,5.272000746656,22.987737737738,499.258470708323,21.718469055296
0.243593593594,5.289049329027,23.068313313313,500.872971458821,21.712596177101
0.244444444444,5.306090620087,23.148888888889,502.486781722222,21.706734354901
0.245295295295,5.323124633008,23.229464464464,504.099902745855,21.700883527341
0.246146146146,5.340151380817,23.310040040040,505.712335763387,21.695043633332
0.246996996997,5.357170876246,23.390615615616,507.324081980512,21.689214611428
0.247847847848,5.374183131974,23.471191191191,508.935142597974,21.683396400817
0.248698698699,5.391188160630,23.551766766767,510.545518811619,21.677588941312
0.249549549550,5.408185974598,23.632342342342,512.155211794462,21.671792172578
0.250400400400,5.425176586506,23.712917917918,513.764222742151,21.666006036058
0.251251251251,5.442160008985,23.793493493493,515.372552850902,21.660230474009
0.252102102102,5.459136254460,23.874069069069,516.980203297373,21.654465428651
0.252952952953,5.476105335307,23.954644644645,518.587175253547,21.648710842784
0.253803803804,5.493067263852,24.035220220220,520.193469886763,21.642966659783
0.254654654655,5.510022052373,24.115795795796,521.799088359766,21.637232823589
0.255505505506,5.526969713102,24.196371371371,523.404031830744,21.631509278702
0.256356356356,5.543910258219,24.276946946947,525.008301453368,21.625795970172
0.257207207207,5.560843699861,24.357522522523,526.611898376833,21.620092843593
0.258058058058,5.577770050115,24.438098098098,528.214823745898,21.614399845093
0.258908908909,5.594689320680,24.518673673674,529.817078668422,21.608716920006
0.259759759760,5.611601523803,24.599249249249,531.418664304126,21.603044016489
0.260610610611,5.628506671462,24.679824824825,533.019581787469,21.597381082353
0.261461461461,5.645404775564,24.760400400400,534.619832245873,21.591728065804
0.262312312312,5.662295847967,24.840975975976,536.219416802513,21.586084915548
0.263163163163,5.679179900489,24.921551551552,537.818336576350,21.580451580787
0.264014014014,5.696056944337,25.002127127127,539.416592628730,21.574828009072
0.264864864865,5.712926991552,25.082702702703,541.014186099983,21.569214151778
0.265715715716,5.729790054008,25.163278278278,542.611118114558,21.563609960271
0.266566566567,5.746646143347,25.243853853854,544.207389774951,21.558015385669
0.267417417417,5.763495270302,25.324429429429,545.803002097640,21.552430376313
0.268268268268,5.780337447099,25.405005005005,547.397956240315,21.546854886762
0.269119119119,5.797172685390,25.485580580581,548.992253306461,21.541288870020
0.269969969970,5.814000995731,25.566156156156,550.585894295725,21.535732275622
0.270820820821,5.830822390142,25.646731731732,552.178880346438,21.530185059145
0.271671671672,5.847636880126,25.727307307307,553.771212547974,21.524647174821
0.272522522523,5.864444475982,25.807882882883,555.362891875530,21.519118573026
0.273373373373,5.881245190174,25.888458458458,556.953919509439,21.513599212682
0.274224224224,5.898039032830,25.969034034034,558.544296409020,21.508089044707
0.275075075075,5.914826015916,26.049609609610,560.134023707221,21.502588027292
0.275925925926,5.931606149973,26.130185185185,561.723102402477,21.497096113997
0.276776776777,5.948379446487,26.210760760761,563.311533582314,21.491613262352
0.277627627628,5.965145916079,26.291336336336,564.899318252718,21.486139427306
0.278478478478,5.981905570247,26.371911911912,566.486457502415,21.480674567495
0.279329329329,5.998658419205,26.452487487487,568.072952298736,21.475218637470
0.280180180180,6.015404474879,26.533063063063,569.658803771043,21.469771598443
0.281031031031,6.032143746807,26.613638638639,571.244012822615,21.464333403598
0.281881881882,6.048876246973,26.694214214214,572.828580588364,21.458904015363
0.282732732733,6.065601985749,26.774789789790,574.412508050415,21.453483390912
0.283583583584,6.082320973502,26.855365365365,575.995796190617,21.448071487922
0.284434434434,6.099033221656,26.935940940941,577.578446090779,21.442668268287
0.285285285285,6.115738740460,27.016516516517,579.160458721537,21.437273690243
0.286136136136,6.132437540245,27.097092092092,580.741835061167,21.431887712802
0.286986986987,6.149129632204,27.177667667668,582.322576169678,21.426510298470
0.287837837838,6.165815026838,27.258243243243,583.902683041570,21.421141407794
0.288688688689,6.182493734080,27.338818818819,585.482156617346,21.415780999811
0.289539539540,6.199165764722,27.419394394394,587.060997919159,21.410429037017
0.290390390390,6.215831129401,27.499969969970,588.639207954284,21.405085481805
0.291241241241,6.232489838484,27.580545545546,590.216787704443,21.399750296084
0.292092092092,6.249141902304,27.661121121121,591.793738148235,21.394423442091
0.292942942943,6.265787330915,27.741696696697,593.370060237607,21.389104881543
0.293793793794,6.282426134663,27.822272272272,594.945754952553,21.383794577608
0.294644644645,6.299058324012,27.902847847848,596.520823283951,21.378492494269
0.295495495495,6.315683909167,27.983423423423,598.095266198087,21.373198595046
0.296346346346,6.332302900298,28.063998998999,599.669084658234,21.367912843769
0.297197197197,6.348915307547,28.144574574575,601.242279624668,21.362635204578
0.298048048048,6.365521141021,28.225150150150,602.814852054693,21.357365641914
0.298898898899,6.382120410799,28.305725725726,604.386802902661,21.352104120523
0.299749749750,6.398713126927,28.386301301301,605.958133119994,21.346850605444
0.300600600601,6.415299299421,28.466876876877,607.528843655201,21.341605062011
0.301451451451,6.431878938267,28.547452452452,609.098935453907,21.336367455849
0.302302302302,6.448452053420,28.628028028028,610.668409458861,21.331137752869
0.303153153153,6.465018654804,28.708603603604,612.237266609969,21.325915919265
0.304004004004,6.481578752316,28.789179179179,613.805507844303,21.320701921513
0.304854854855,6.498132355820,28.869754754755,615.373134096128,21.315495726363
0.305705705706,6.514679475152,28.950330330330,616.940146296918,21.310297300842
0.306556556557,6.531220120100,29.030905905906,618.506545373490,21.305106612180
0.307407407407,6.547754299982,29.111481481481,620.072332208329,21.299923626449
0.308258258258,6.564282024971,29.192057057057,621.637507764751,21.294748312862
0.309109109109,6.580803304786,29.272632632633,623.202072963277,21.289580639513
0.309959959960,6.597318149121,29.353208208208,624.766028721730,21.284420574751
0.310810810811,6.613826567637,29.433783783784,626.329375955257,21.279268087181
0.311661661662,6.630328569331,29.514359359359,627.892115515646,21.274123143606
0.312512512513,6.646824164260,29.594934934935,629.454248355455,21.268985714593
0.313363363363,6.663313362141,29.675510510511,631.015775394743,21.263855769937
0.314214214214,6.679796172422,29.756086086086,632.576697528364,21.258733278909
0.315065065065,6.696272603840,29.836661661662,634.137015583651,21.253618208852
0.315915915916,6.712742666731,29.917237237237,635.696730539461,21.248510532524
0.316766766767,6.729206370503,29.997812812813,637.255843286675,21.243410220044
0.317617617618,6.745663723570,30.078388388388,638.814354622105,21.238317238723
0.318468468468,6.762114736391,30.158963963964,640.372265536193,21.233231562641
0.319319319319,6.778559417839,30.239539539540,641.929576869315,21.228153161194
0.320170170170,6.794997776995,30.320115115115,643.486289481440,21.223082004746
0.321021021021,6.811429823915,30.400690690691,645.042404324795,21.218018067014
0.321871871872,6.827855566552,30.481266266266,646.597922152502,21.212961315459
0.322722722723,6.844275015534,30.561841841842,648.152843971070,21.207911726174
0.323573573574,6.860688178824,30.642417417417,649.707170534635,21.202869267271
0.324424424424,6.877095066672,30.722992992993,651.260902813808,21.197833914239
0.325275275275,6.893495687168,30.803568568569,652.814041574791,21.192805636192
0.326126126126,6.909890050518,30.884144144144,654.366587784015,21.187784409046
0.326976976977,6.926278164542,30.964719719720,655.918542182094,21.182770201675
0.327827827828,6.942660039571,31.045295295295,657.469905747341,21.177762990935
0.328678678679,6.959035683509,31.125870870871,659.020679228313,21.172762746538
0.329529529530,6.975405106128,31.206446446446,660.570863550350,21.167769444174
0.330380380380,6.991768316244,31.287022022022,662.120459548314,21.162783056894
0.331231231231,7.008125322290,31.367597597598,663.669468020906,21.157803556870
0.332082082082,7.024476133977,31.448173173173,665.217889887581,21.152830920400
0.332932932933,7.040820759656,31.528748748749,666.765725939433,21.147865119953
0.333783783784,7.057159208116,31.609324324324,668.312977008615,21.142906129579
0.334634634635,7.073491488704,31.689899899900,669.859643980302,21.137953925264
0.335485485485,7.089817610047,31.770475475475,671.405727671467,21.133008481089
0.336336336336,7.106137580337,31.851051051051,672.951228857958,21.128069770111
0.337187187187,7.122451409037,31.931626626627,674.496148435805,21.123137769417
0.338038038038,7.138759104843,32.012202202202,676.040487228655,21.118212454067
0.338888888889,7.155060676431,32.092777777778,677.584246058046,21.113293799306
0.339739739740,7.171356131841,32.173353353353,679.127425685325,21.108381778754
0.340590590591,7.187645480365,32.253928928929,680.670026990595,21.103476369978
0.341441441441,7.203928730617,32.334504504505,682.212050789423,21.098577548773
0.342292292292,7.220205891183,32.415080080080,683.753497894999,21.093685291100
0.343143143143,7.236476970628,32.495655655656,685.294369118459,21.088799573096
0.343993993994,7.252741977496,32.576231231231,686.834665268900,21.083920371072
0.344844844845,7.269000920210,32.656806806807,688.374387143890,21.079047661219
0.345695695696,7.285253807216,32.737382382382,689.913535543386,21.074181420035
0.346546546547,7.301500647200,32.817957957958,691.452111289880,21.069321624937
0.347397397397,7.317741448621,32.898533533534,692.990115184404,21.064468252910
0.348248248248,7.333976219916,32.979109109109,694.527548026000,21.059621281103
0.349099099099,7.350204969501,33.059684684685,696.064410611739,21.054780686829
0.349949949950,7.366427705773,33.140260260260,697.600703736731,21.049946447562
0.350800800801,7.382644437108,33.220835835836,699.136428194128,21.045118540936
0.351651651652,7.398855171860,33.301411411411,700.671584775148,21.040296944743
0.352502502503,7.415059918364,33.381986986987,702.206174269073,21.035481636932
0.353353353353,7.431258684934,33.462562562563,703.740197463266,21.030672595607
0.354204204204,7.447451479865,33.543138138138,705.273655143179,21.025869799024
0.355055055055,7.463638311230,33.623713713714,706.806548073476,21.021073225032
0.355905905906,7.479819187333,33.704289289289,708.338877040389,21.016282852328
0.356756756757,7.495994116508,33.784864864865,709.870642833349,21.011498659910
0.357607607608,7.512163106972,33.865440440440,711.401846230286,21.006720626635
0.358458458458,7.528326166919,33.946016016016,712.932488007270,21.001948731507
0.359309309309,7.544483304525,34.026591591592,714.462568938517,20.997182953672
0.360160160160,7.560634527945,34.107167167167,715.992089796407,20.992423272421
0.361011011011,7.576779844709,34.187742742743,717.521051293915,20.987669665504
0.361861861862,7.592919263454,34.268318318318,719.049454249126,20.982922113944
0.362712712713,7.609052792319,34.348893893894,720.577299432599,20.978180597562
0.363563563564,7.625180439382,34.429469469469,722.104587609459,20.973445096207
0.364414414414,7.641302212098,34.510045045045,723.631319485649,20.968715588204
0.365265265265,7.657418118832,34.590620620621,725.157495853352,20.963992054570
0.366116116116,7.673528167841,34.671196196196,726.683117494584,20.959274476209
0.366966966967,7.689632366781,34.751771771772,728.208185134152,20.954562832554
0.367817817818,7.705730723305,34.832347347347,729.732699496945,20.949857103228
0.368668668669,7.721823246015,34.912922922923,731.256661397596,20.945157270618
0.369519519520,7.737909942328,34.993498498499,732.780071538472,20.940463314061
0.370370370370,7.753990820065,35.074074074074,734.302930660147,20.935775214175
0.371221221221,7.770065887734,35.154649649650,735.825239568430,20.931092953611
0.372072072072,7.786135152084,35.235225225225,737.346998902344,20.926416510443
0.372922922923,7.802198621967,35.315800800801,738.868209500319,20.921745868596
0.373773773774,7.818256304589,35.396376376376,740.388872044546,20.917081007724
0.374624624625,7.834308207935,35.476951951952,741.908987291465,20.912421909759
0.375475475475,7.850354339814,35.557527527528,743.428555980394,20.907768556316
0.376326326326,7.866394707732,35.638103103103,744.947578822197,20.903120928379
0.377177177177,7.882429319716,35.718678678679,746.466056577078,20.898479008482
0.378028028028,7.898458183173,35.799254254254,747.983989946510,20.893842777678
0.378878878879,7.914481305972,35.879829829830,749.501379675584,20.889212218405
0.379729729730,7.930498695801,35.960405405405,751.018226492327,20.884587312785
0.380580580581,7.946510359989,36.040980980981,752.534531090943,20.879968042159
0.381431431431,7.962516306882,36.121556556557,754.050294261735,20.875354390697
0.382282282282,7.978516542898,36.202132132132,755.565516612475,20.870746337668
0.383133133133,7.994511076779,36.282707707708,757.080198970931,20.866143868587
0.383983983984,8.010499915565,36.363283283283,758.594342004026,20.861546964676
0.384834834835,8.026483066635,36.443858858859,760.107946410330,20.856955608189
0.385685685686,8.042460538104,36.524434434434,761.621012958448,20.852369783457
0.386536536537,8.058432336954,36.605010010010,763.133542309558,20.847789472011
0.387387387387,8.074398470679,36.685585585586,764.645535173259,20.843214656868
0.388238238238,8.090358947191,36.766161161161,766.156992299034,20.838645322275
0.389089089089,8.106313773832,36.846736736737,767.667914381861,20.834081451139
0.389939939940,8.122262957374,36.927312312312,769.178302063345,20.829523025072
0.390790790791,8.138206505951,37.007887887888,770.688156113515,20.824970029315
0.391641641642,8.154144426928,37.088463463463,772.197477230097,20.820422447288
0.392492492492,8.170076727659,37.169039039039,773.706266109335,20.815880262514
0.393343343343,8.186003414991,37.249614614615,775.214523399670,20.811343457377
0.394194194194,8.201924496678,37.330190190190,776.722249835382,20.806812016712
0.395045045045,8.217839980127,37.410765765766,778.229446118040,20.802285924609
0.395895895896,8.233749872630,37.491341341341,779.736112938016,20.797765164998
0.396746746747,8.249654181460,37.571916916917,781.242250984232,20.793249721908
0.397597597598,8.265552913877,37.652492492492,782.747860944170,20.788739579465
0.398448448448,8.281446077048,37.733068068068,784.252943496454,20.784234721696
0.399299299299,8.297333678086,37.813643643644,785.757499314757,20.779735132635
0.400150150150,8.313215724445,37.894219219219,787.261529104927,20.775240797299
0.401001001001,8.329092223323,37.974794794795,788.765033548723,20.770751700200
0.401851851852,8.344963181906,38.055370370370,790.268013326489,20.766267825941
0.402702702703,8.360828607362,38.135945945946,791.770469117167,20.761789159221
0.403553553554,8.376688506846,38.216521521522,793.272401598294,20.757315684829
0.404404404404,8.392542887498,38.297097097097,794.773811446017,20.752847387649
0.405255255255,8.408391756442,38.377672672673,796.274699335089,20.748384252651
0.406106106106,8.424235120791,38.458248248248,797.775065938883,20.743926264900
0.406956956957,8.440072987639,38.538823823824,799.274911929395,20.739473409547
0.407807807808,8.455905364068,38.619399399399,800.774237977246,20.735025671831
0.408658658659,8.471732257146,38.699974974975,802.273044751694,20.730583037081
0.409509509510,8.487553673924,38.780550550551,803.771332920633,20.726145490712
0.410360360360,8.503369621252,38.861126126126,805.269103132610,20.721713017761
0.411211211211,8.519180106184,38.941701701702,806.766356055600,20.717285603889
0.412062062062,8.534985135845,39.022277277277,808.263092364540,20.712863235052
0.412912912913,8.550784717233,39.102852852853,809.759312721949,20.708445897007
0.413763763764,8.566578857329,39.183428428428,811.255017789009,20.704033575593
0.414614614615,8.582367563100,39.264004004004,812.750208225578,20.699626256729
0.415465465465,8.598150841501,39.344579579580,814.244884690188,20.695223926418
0.416316316316,8.613928698877,39.425155155155,815.739047783687,20.690826569316
0.417167167167,8.629701142690,39.505730730731,817.232698212783,20.686434172880
0.418018018018,8.645468179869,39.586306306306,818.725836633596,20.682046723394
0.418868868869,8.661229817312,39.666881881882,820.218463699425,20.677664207180
0.419719719720,8.676986061389,39.747457457457,821.710580013498,20.673286609414
0.420570570571,8.692736919176,39.828033033033,823.202186245947,20.668913917069
0.421421421421,8.708482397799,39.908608608609,824.693283071566,20.664546117343
0.422272272272,8.724222503932,39.989184184184,826.183871122320,20.660183196462
0.423123123123,8.739957243794,40.069759759760,827.673950987250,20.655825139697
0.423973973974,8.755686624942,40.150335335335,829.163523382021,20.651471935585
0.424824824825,8.771410653968,40.230910910911,830.652588930801,20.647123570486
0.425675675676,8.787129337010,40.311486486486,832.141148214853,20.642780029801
0.426526526527,8.802842681669,40.392062062062,833.629201954067,20.638441302482
0.427377377377,8.818550694072,40.472637637638,835.116750728603,20.634107374114
0.428228228228,8.834253381041,40.553213213213,836.603795184599,20.629778232025
0.429079079079,8.849950749685,40.633788788789,838.090335995172,20.625453864307
0.429929929930,8.865642805751,40.714364364364,839.576373704627,20.621134255984
0.430780780781,8.881329557043,40.794939939940,841.061909051942,20.616819396969
0.431631631632,8.897011009047,40.875515515516,842.546942556722,20.612509271887
0.432482482482,8.912687169463,40.956091091091,844.031474948118,20.608203870601
0.433333333333,8.928358043972,41.036666666667,845.515506764112,20.603903178396
0.434184184184,8.944023640042,41.117242242242,846.999038711941,20.599607184787
0.435035035035,8.959683963367,41.197817817818,848.482071330822,20.595315875295
0.435885885886,8.975339021519,41.278393393393,849.964605337832,20.591029239861
0.436736736737,8.990988819871,41.358968968969,851.446641241798,20.586747263468
0.437587587588,9.006633366165,41.439544544545,852.928179775800,20.582469936632
0.438438438438,9.022272665925,41.520120120120,854.409221463057,20.578197244883
0.439289289289,9.037906726334,41.600695695696,855.889766983850,20.573929177641
0.440140140140,9.053535553768,41.681271271271,857.369816941805,20.569665722570
0.440990990991,9.069159154258,41.761846846847,858.849371908223,20.565406866652
0.441841841842,9.084777535019,41.842422422422,860.328432566295,20.561152599646
0.442692692693,9.100390701882,41.922997997998,861.806999468206,20.556902908264
0.443543543544,9.115998661446,42.003573573574,863.285073238919,20.552657781053
0.444394394394,9.131601420525,42.084149149149,864.762654523734,20.548417207128
0.445245245245,9.147198985046,42.164724724725,866.239743883821,20.544181173697
0.446096096096,9.162791361434,42.245300300300,867.716341927775,20.539949669185
0.446946946947,9.178378556474,42.325875875876,869.192449298120,20.535722682907
0.447797797798,9.193960576509,42.406451451451,870.668066595404,20.531500203269
0.448648648649,9.209537427195,42.487027027027,872.143194355394,20.527282217243
0.449499499499,9.225109115519,42.567602602603,873.617833239691,20.523068714851
0.450350350350,9.240675647834,42.648178178178,875.091983849843,20.518859684787
0.451201201201,9.256237030433,42.728753753754,876.565646781985,20.514655115701
0.452052052052,9.271793269355,42.809329329329,878.038822607879,20.510454995760
0.452902902903,9.287344370848,42.889904904905,879.511511919331,20.506259313686
0.453753753754,9.302890341484,42.970480480480,880.983715338491,20.502068058994
0.454604604605,9.318431187509,43.051056056056,882.455433457138,20.497881220570
0.455455455455,9.333966915163,43.131631631632,883.926666865969,20.493698787359
0.456306306306,9.349497530672,43.212207207207,885.397416154611,20.489520748362
0.457157157157,9.365023040249,43.292782782783,886.867681911619,20.485347092641
0.458008008008,9.380543449980,43.373358358358,888.337464713120,20.481177809049
0.458858858859,9.396058766063,43.453933933934,889.806765146149,20.477012886773
0.459709709710,9.411568994832,43.534509509510,891.275583810595,20.472852315378
0.460560560561,9.427074142458,43.615085085085,892.743921290751,20.468696084145
0.461411411411,9.442574215099,43.695660660661,894.211778169860,20.464544182414
0.462262262262,9.458069218903,43.776236236236,895.679155030110,20.460396599576
0.463113113113,9.473559160007,43.856811811812,897.146052452643,20.456253325077
0.463963963964,9.489044044536,43.937387387387,898.612471017557,20.452114348417
0.464814814815,9.504523878605,44.017962962963,900.078411303910,20.447979659151
0.465665665666,9.519998668318,44.098538538539,901.543873889720,20.443849246882
0.466516516517,9.535468419767,44.179114114114,903.008859351969,20.439723101272
0.467367367367,9.550933139035,44.259689689690,904.473368266612,20.435601212028
0.468218218218,9.566392832192,44.340265265265,905.937401208571,20.431483568914
0.469069069069,9.581847505298,44.420840840841,907.400958751744,20.427370161743
0.469919919920,9.597297164203,44.501416416416,908.864041450027,20.423260979953
0.470770770771,9.612741815031,44.581991991992,910.326649883434,20.419156013642
0.471621621622,9.628181463886,44.662567567568,911.788784629998,20.415055252939
0.472472472472,9.643616116785,44.743143143143,913.250446259557,20.410958687857
0.473323323323,9.659045779735,44.823718718719,914.711635340937,20.406866308461
0.474174174174,9.674470458732,44.904294294294,916.172352441955,20.402778104863
0.475025025025,9.689890159762,44.984869869870,917.632598129427,20.398694067226
0.475875875876,9.705304888436,45.065445445445,919.092372934874,20.394614184997
0.476726726727,9.720714650861,45.146021021021,920.551677436559,20.390538448736
0.477577577578,9.736119453174,45.226596596597,922.010512215586,20.386466849132
0.478428428428,9.751519301318,45.307172172172,923.468877834790,20.382399376538
0.479279279279,9.766914201145,45.387747747748,924.926774848446,20.378336021186
0.480130130130,9.782304158005,45.468323323323,926.384203763106,20.374276772328
0.480980980981,9.797689178427,45.548898898899,927.841165197004,20.370221621744
0.481831831832,9.813069268311,45.629474474474,929.297659709039,20.366170559972
0.482682682683,9.828444433144,45.710050050050,930.753687818696,20.362123576753
0.483533533534,9.843814678735,45.790625625626,932.209250076205,20.358080662574
0.484384384384,9.859180011396,45.871201201201,933.664347079217,20.354041809020
0.485235235235,9.874540436649,45.951776776777,935.118979350632,20.350007006110
0.486086086086,9.889895960027,46.032352352352,936.573147414581,20.345976243961
0.486936936937,9.905246587991,46.112927927928,938.026851882720,20.341949514653
0.487787787788,9.920592325759,46.193503503504,939.480093249412,20.337926807785
0.488638638639,9.935933179269,46.274079079079,940.932872076756,20.333908114493
0.489489489489,9.951269154750,46.354654654655,942.385188954808,20.329893426575
0.490340340340,9.966600256900,46.435230230230,943.837044328400,20.325882732761
0.491191191191,9.981926492613,46.515805805806,945.288438850437,20.321876026330
0.492042042042,9.997247866803,46.596381381381,946.739372986233,20.317873296584
0.492892892893,10.012564385686,46.676956956957,948.189847324460,20.313874535541
0.493743743744,10.027876054741,46.757532532533,949.639862383954,20.309879733778
0.494594594595,10.043182879690,46.838108108108,951.089418706688,20.305888882434
0.495445445445,10.058484866320,46.918683683684,952.538516840459,20.301901972832
0.496296296296,10.073782020154,46.999259259259,953.987157308605,20.297918995833
0.497147147147,10.089074346990,47.079834834835,955.435340659917,20.293939942903
0.497997997998,10.104361852450,47.160410410410,956.883067427008,20.289964805221
0.498848848849,10.119644542047,47.240985985986,958.330338131849,20.285993573803
0.499699699700,10.134922421796,47.321561561562,959.777153344084,20.282026240734
0.500550550551,10.150195496634,47.402137137137,961.223513531206,20.278062795994
0.501401401401,10.165463773072,47.482712712713,962.669419309957,20.274103232780
0.502252252252,10.180727255739,47.563288288288,964.114871118442,20.270147540574
0.503103103103,10.195985950957,47.643863863864,965.559869555631,20.266195712308
0.503953953954,10.211239864198,47.724439439439,967.004415139591,20.262247739268
0.504804804805,10.226489000486,47.805015015015,968.448508346058,20.258303611909
0.505655655656,10.241733366127,47.885590590591,969.892149772260,20.254363323293
0.506506506507,10.256972966270,47.966166166166,971.335339905816,20.250426864238
0.507357357357,10.272207806239,48.046741741742,972.778079250807,20.246494225969
0.508208208208,10.287437892092,48.127317317317,974.220368381140,20.242565401222
0.509059059059,10.302663229168,48.207892892893,975.662207802181,20.238640381356
0.509909909910,10.317883822439,48.288468468468,977.103597984995,20.234719157080
0.510760760761,10.333099678046,48.369044044044,978.544539510921,20.230801721446
0.511611611612,10.348310801440,48.449619619620,979.985032896335,20.226888066207
0.512462462462,10.363517197781,48.530195195195,981.425078629895,20.222978182603
0.513313313313,10.378718872433,48.610770770771,982.864677219403,20.219072062326
0.514164164164,10.393915831212,48.691346346346,984.303829215822,20.215169698007
0.515015015015,10.409108079536,48.771921921922,985.742535132106,20.211271081549
0.515865865866,10.424295622813,48.852497497498,987.180795480362,20.207376204890
0.516716716717,10.439478466087,48.933073073073,988.618610738463,20.203485059320
0.517567567568,10.454656614994,49.013648648649,990.055981439912,20.199597637325
0.518418418418,10.469830075058,49.094224224224,991.492908107971,20.195713931227
0.519269269269,10.484998851651,49.174799799800,992.929391251367,20.191833933108
0.520120120120,10.500162950137,49.255375375375,994.365431377991,20.187957635079
0.520970970971,10.515322375870,49.335950950951,995.801028994902,20.184085029291
0.521821821822,10.530477134196,49.416526526527,997.236184608321,20.180216107925
0.522672672673,10.545627230372,49.497102102102,998.670898716268,20.176350863051
0.523523523524,10.560772669669,49.577677677678,1000.105171817669,20.172489286806
0.524374374374,10.575913457577,49.658253253253,1001.539004432582,20.168631371805
0.525225225225,10.591049599408,49.738828828829,1002.972397063906,20.164777110365
0.526076076076,10.606181100462,49.819404404404,1004.405350213718,20.160926494836
0.526926926927,10.621307966032,49.899979979980,1005.837864383273,20.157079517603
0.527777777778,10.636430201404,49.980555555556,1007.269940073006,20.153236171082
0.528628628629,10.651547811854,50.061131131131,1008.701577782534,20.149396447721
0.529479479479,10.666660802647,50.141706706707,1010.132778010659,20.145560340002
0.530330330330,10.681769179043,50.222282282282,1011.563541255367,20.141727840438
0.531181181181,10.696872946292,50.302857857858,1012.993868013835,20.137898941573
0.532032032032,10.711972109635,50.383433433433,1014.423758782425,20.134073635984
0.532882882883,10.727066674305,50.464009009009,1015.853214056695,20.130251916278
0.533733733734,10.742156645527,50.544584584585,1017.282234331394,20.126433775096
0.534584584585,10.757242028457,50.625160160160,1018.710820094834,20.122619204996
0.535435435435,10.772322828154,50.705735735736,1020.138971826214,20.118808198404
0.536286286286,10.787399049992,50.786311311311,1021.566690034259,20.115000748376
0.537137137137,10.802470699161,50.866886886887,1022.993975210519,20.111196847673
0.537987987988,10.817537780842,50.947462462462,1024.420827845743,20.107396489090
0.538838838839,10.832600300210,51.028038038038,1025.847248429889,20.103599665446
0.539689689690,10.847658262430,51.108613613614,1027.273237452118,20.099806369596
0.540540540541,10.862711672659,51.189189189189,1028.698795400799,20.096016594419
0.541391391391,10.877760535646,51.269764764765,1030.123922725641,20.092230332088
0.542242242242,10.892804856796,51.350340340340,1031.548619938552,20.088447576036
0.543093093093,10.907844641343,51.430915915916,1032.972887535165,20.084668319420
0.543943943944,10.922879894411,51.511491491492,1034.396726000705,20.080892555238
0.544794794795,10.937910621101,51.592067067067,1035.820135818278,20.077120276491
0.545645645646,10.952936825882,51.672642642643,1037.243117411026,20.073351475062
0.546496496496,10.967958514473,51.753218218218,1038.665671320596,20.069586145175
0.547347347347,10.982975691965,51.833793793794,1040.087798029096,20.065824279944
0.548198198198,10.997988363278,51.914369369369,1041.509498002444,20.062065872208
0.549049049049,11.012996533014,51.994944944945,1042.930771676404,20.058310914277
0.549899899900,11.028000206842,52.075520520521,1044.351619587914,20.054559400446
0.550750750751,11.042999389820,52.156096096096,1045.772042215995,20.050811323938
0.551601601602,11.057994086160,52.236671671672,1047.192039959327,20.047066676479
0.552452452452,11.072984301654,52.317247247247,1048.611613366604,20.043325452713
0.553303303303,11.087970041371,52.397822822823,1050.030762917809,20.039587646005
0.554154154154,11.102951309387,52.478398398398,1051.449488998941,20.035853247972
0.555005005005,11.117928111660,52.558973973974,1052.867792174212,20.032122253672
0.555855855856,11.132900452806,52.639549549550,1054.285672880688,20.028394655777
0.556706706707,11.147868337525,52.720125125125,1055.703131563583,20.024670447158
0.557557557558,11.162831771475,52.800700700701,1057.120168758678,20.020949622448
0.558408408408,11.177790758582,52.881276276276,1058.536784837763,20.017232173208
0.559259259259,11.192745304760,52.961851851852,1059.952980360747,20.013518094603
0.560110110110,11.207695414305,53.042427427427,1061.368755734671,20.009807378948
0.560960960961,11.222641092463,53.123003003003,1062.784111456248,20.006100020290
0.561811811812,11.237582344038,53.203578578579,1064.199047980418,20.002396011927
0.562662662663,11.252519173869,53.284154154154,1065.613565765375,19.998695347260
0.563513513514,11.267451587005,53.364729729730,1067.027665289356,19.994998020104
0.564364364364,11.282379588137,53.445305305305,1068.441346996586,19.991304023677
0.565215215215,11.297303182303,53.525880880881,1069.854611364127,19.987613351848
0.566066066066,11.312222374305,53.606456456456,1071.267458846653,19.983925998109
0.566916916917,11.327137168909,53.687032032032,1072.679889895709,19.980241955929
0.567767767768,11.342047571285,53.767607607608,1074.091905000708,19.976561219524
0.568618618619,11.356953585675,53.848183183183,1075.503504563467,19.972883781515
0.569469469469,11.371855217754,53.928758758759,1076.914689121272,19.969209637082
0.570320320320,11.386752471333,54.009334334334,1078.325459035196,19.965538778168
0.571171171171,11.401645352071,54.089909909910,1079.735814841162,19.961871199999
0.572022022022,11.416533864490,54.170485485485,1081.145756967166,19.958206895835
0.572872872873,11.431418013085,54.251061061061,1082.555285839172,19.954545858941
0.573723723724,11.446297803267,54.331636636637,1083.964401969412,19.950888084208
0.574574574575,11.461173239223,54.412212212212,1085.373105754411,19.947233564432
0.575425425425,11.476044325912,54.492787787788,1086.781397663836,19.943582293791
0.576276276276,11.490911068430,54.573363363363,1088.189278180341,19.939934266739
0.577127127127,11.505773471034,54.653938938939,1089.596747706901,19.936289476303
0.577977977978,11.520631538575,54.734514514515,1091.003806703057,19.932647916586
0.578828828829,11.535485276123,54.815090090090,1092.410455648854,19.929009582096
0.579679679680,11.550334688283,54.895665665666,1093.816694980404,19.925374466577
0.580530530531,11.565179779237,54.976241241241,1095.222525093715,19.921742563079
0.581381381381,11.580020554308,55.056816816817,1096.627946492980,19.918113866656
0.582232232232,11.594857018176,55.137392392392,1098.032959621249,19.914488371285
0.583083083083,11.609689175460,55.217967967968,1099.437564916035,19.910866070874
0.583933933934,11.624517030351,55.298543543544,1100.841762774201,19.907246958636
0.584784784785,11.639340588061,55.379119119119,1102.245553689417,19.903631029568
0.585635635636,11.654159853242,55.459694694695,1103.648938102002,19.900018277735
0.586486486486,11.668974830534,55.540270270270,1105.051916451594,19.896408697224
0.587337337337,11.683785524574,55.620845845846,1106.454489177154,19.892802282146
0.588188188188,11.698591939605,55.701421421421,1107.856656680591,19.889199025979
0.589039039039,11.713394080627,55.781996996997,1109.258419435413,19.885598923522
0.589889889890,11.728191952291,55.862572572573,1110.659777881980,19.882001969012
0.590740740741,11.742985559203,55.943148148148,1112.060732456547,19.878408156645
0.591591591592,11.757774905963,56.023723723724,1113.461283594702,19.874817480638
0.592442442442,11.772559997163,56.104299299299,1114.861431731364,19.871229935230
0.593293293293,11.787340837389,56.184874874875,1116.261177300780,19.867645514682
0.594144144144,11.802117431220,56.265450450450,1117.660520736533,19.864064213274
0.594994994995,11.816889783226,56.346026026026,1119.059462471540,19.860486025308
0.595845845846,11.831657897837,56.426601601602,1120.458002925136,19.856910944878
0.596696696697,11.846421779767,56.507177177177,1121.856142543960,19.853338966595
0.597547547548,11.861181433576,56.587752752753,1123.253881759677,19.849770084836
0.598398398398,11.875936863807,56.668328328328,1124.651221002546,19.846204293984
0.599249249249,11.890688074996,56.748903903904,1126.048160702164,19.842641588443
0.600100100100,11.905435071673,56.829479479479,1127.444701287472,19.839081962638
0.600950950951,11.920177858361,56.910055055055,1128.840843186753,19.835525411014
0.601801801802,11.934916439574,56.990630630631,1130.236586827632,19.831971928034
0.602652652653,11.949650819821,57.071206206206,1131.631932637084,19.828421508183
0.603503503504,11.964381003605,57.151781781782,1133.026881041425,19.824874145964
0.604354354354,11.979106995339,57.232357357357,1134.421432458608,19.821329835766
0.605205205205,11.993828799487,57.312932932933,1135.815587311449,19.817788572094
0.606056056056,12.008546420606,57.393508508509,1137.209346031427,19.814250349634
0.606906906907,12.023259863171,57.474084084084,1138.602709042262,19.810715162968
0.607757757758,12.037969131648,57.554659659660,1139.995676767032,19.807183006697
0.608608608609,12.052674230498,57.635235235235,1141.388249628166,19.803653875440
0.609459459459,12.067375164176,57.715810810811,1142.780428047447,19.800127763836
0.610310310310,12.082071937128,57.796386386386,1144.172212446016,19.796604666542
0.611161161161,12.096764553795,57.876961961962,1145.563603244370,19.793084578234
0.612012012012,12.111453018409,57.957537537538,1146.954600843331,19.789567493279
0.612862862863,12.126137335348,58.038113113113,1148.345205657481,19.786053406309
0.613713713714,12.140817509254,58.118688688689,1149.735418126324,19.782542312420
0.614564564565,12.155493544539,58.199264264264,1151.125238667804,19.779034206359
0.615415415415,12.170165445610,58.279839839840,1152.514667699228,19.775529082895
0.616266266266,12.184833216730,58.360415415415,1153.903705624378,19.772026936593
0.617117117117,12.199496861971,58.440990990991,1155.292352828634,19.768527761734
0.617967967968,12.214156386148,58.521566566567,1156.680609768240,19.765031553838
0.618818818819,12.228811793643,58.602142142142,1158.068476857975,19.761538307747
0.619669669670,12.243463088739,58.682717717718,1159.455954503621,19.758048018174
0.620520520521,12.258110275270,58.763293293293,1160.843043068096,19.754560679134
0.621371371371,12.272753358190,58.843868868869,1162.229743020569,19.751076286479
0.622222222222,12.287392341851,58.924444444444,1163.616054773306,19.747594835118
0.623073073073,12.302027230098,59.005020020020,1165.001978690243,19.744116319170
0.623923923924,12.316658027452,59.085595595596,1166.387515199696,19.740640733875
0.624774774775,12.331284738541,59.166171171171,1167.772664739801,19.737168074665
0.625625625626,12.345907367223,59.246746746747,1169.157427676001,19.733698335769
0.626476476476,12.360525917845,59.327322322322,1170.541804419960,19.730231512227
0.627327327327,12.375140395136,59.407897897898,1171.925795419387,19.726767599714
0.628178178178,12.389750802712,59.488473473473,1173.309401016821,19.723306592159
0.629029029029,12.404357145261,59.569049049049,1174.692621656187,19.719848485225
0.629879879880,12.418959427234,59.649624624625,1176.075457759076,19.716393274226
0.630730730731,12.433557652107,59.730200200200,1177.457909654549,19.712940952952
0.631581581582,12.448151825065,59.810775775776,1178.839977833682,19.709491517934
0.632432432432,12.462741949616,59.891351351351,1180.221662628639,19.706044963068
0.633283283283,12.477328030430,59.971926926927,1181.602964481682,19.702601284121
0.634134134134,12.491910071626,60.052502502503,1182.983883782998,19.699160476013
0.634984984985,12.506488077233,60.133078078078,1184.364420914007,19.695722533548
0.635835835836,12.521062051875,60.213653653654,1185.744576312575,19.692287452493
0.636686686687,12.535631999164,60.294229229229,1187.124350320797,19.688855227049
0.637537537538,12.550197924000,60.374804804805,1188.503743402764,19.685425853471
0.638388388388,12.564759829806,60.455380380380,1189.882755882650,19.681999325718
0.639239239239,12.579317721536,60.535955955956,1191.261388229429,19.678575640172
0.640090090090,12.593871602647,60.616531531532,1192.639640770655,19.675154790905
0.640940940941,12.608421477919,60.697107107107,1194.017513958942,19.671736774077
0.641791791792,12.622967351071,60.777682682683,1195.395008146421,19.668321584216
0.642642642643,12.637509226486,60.858258258258,1196.772123748217,19.664909216915
0.643493493493,12.652047108364,60.938833833834,1198.148861162118,19.661499667506
0.644344344344,12.666581000472,61.019409409409,1199.525220744736,19.658092930669
0.645195195195,12.681110907642,61.099984984985,1200.901202953669,19.654689002768
0.646046046046,12.695636833016,61.180560560561,1202.276808086586,19.651287877568
0.646896896897,12.710158781583,61.261136136136,1203.652036615910,19.647889551724
0.647747747748,12.724676757154,61.341711711712,1205.026888902490,19.644494020085
0.648598598599,12.739190763547,61.422287287287,1206.401365307891,19.641101277542
0.649449449449,12.753700805451,61.502862862863,1207.775466276245,19.637711320354
0.650300300300,12.768206886424,61.583438438438,1209.149192144375,19.634324143058
0.651151151151,12.782709010676,61.664014014014,1210.522543311040,19.630939741223
0.652002002002,12.797207182632,61.744589589590,1211.895520195227,19.627558110769
0.652852852853,12.811701405913,61.825165165165,1213.268123139968,19.624179246408
0.653703703704,12.826191684629,61.905740740741,1214.640352534377,19.620803143625
0.654554554555,12.840678023186,61.986316316316,1216.012208795758,19.617429798384
0.655405405405,12.855160425518,62.066891891892,1217.383692296582,19.614059205945
0.656256256256,12.869638895141,62.147467467467,1218.754803369825,19.610691360960
0.657107107107,12.884113436688,62.228043043043,1220.125542454394,19.607326259809
0.657957957958,12.898584054168,62.308618618619,1221.495909929741,19.603963897937
0.658808808809,12.913050751458,62.389194194194,1222.865906163110,19.600604270618
0.659659659660,12.927513532224,62.469769769770,1224.235531501574,19.597247372825
0.660510510511,12.941972400934,62.550345345345,1225.604786368425,19.593893200777
0.661361361361,12.956427361572,62.630920920921,1226.973671140878,19.590541749978
0.662212212212,12.970878418116,62.711496496497,1228.342186195595,19.587193015944
0.663063063063,12.985325574347,62.792072072072,1229.710331890664,19.583846993920
0.663913913914,12.999768834171,62.872647647648,1231.078108595986,19.580503679362
0.664764764765,13.014208201825,62.953223223223,1232.445516712817,19.577163068247
0.665615615616,13.028643681263,63.033798798799,1233.812556615604,19.573825156150
0.666466466466,13.043075276433,63.114374374374,1235.179228678244,19.570489938656
0.667317317317,13.057502991279,63.194949949950,1236.545533274087,19.567157411366
0.668168168168,13.071926829735,63.275525525526,1237.911470775931,19.563827569896
0.669019019019,13.086346795560,63.356101101101,1239.277041539565,19.560500409613
0.669869869870,13.100762892774,63.436676676677,1240.642245945714,19.557175926302
0.670720720721,13.115175125401,63.517252252252,1242.007084375521,19.553854115777
0.671571571572,13.129583497356,63.597827827828,1243.371557199597,19.550534973705
0.672422422422,13.143988012545,63.678403403403,1244.735664788011,19.547218495768
0.673273273273,13.158388674871,63.758978978979,1246.099407510286,19.543904677663
0.674124124124,13.172785488230,63.839554554555,1247.462785735408,19.540593515097
0.674974974975,13.187178456513,63.920130130130,1248.825799831818,19.537285003792
0.675825825826,13.201567583605,64.000705705706,1250.188450167420,19.533979139483
0.676676676677,13.215952873385,64.081281281281,1251.550737109576,19.530675917917
0.677527527528,13.230334329727,64.161856856857,1252.912661025114,19.527375334855
0.678378378378,13.244711956498,64.242432432432,1254.274222280319,19.524077386072
0.679229229229,13.259085757560,64.323008008008,1255.635421240944,19.520782067353
0.680080080080,13.273455736771,64.403583583584,1256.996258272204,19.517489374498
0.680930930931,13.287821897981,64.484159159159,1258.356733738782,19.514199303319
0.681781781782,13.302184245035,64.564734734735,1259.716848004822,19.510911849640
0.682632632633,13.316542781773,64.645310310310,1261.076601433939,19.507627009299
0.683483483483,13.330897512030,64.725885885886,1262.435994389216,19.504344778145
0.684334334334,13.345248439633,64.806461461461,1263.795027233204,19.501065152041
0.685185185185,13.359595568405,64.887037037037,1265.153700327921,19.497788126861
0.686036036036,13.373938902163,64.967612612613,1266.512014034859,19.494513698491
0.686886886887,13.388278444669,65.048188188188,1267.869968710177,19.491241862758
0.687737737738,13.402614199535,65.128763763764,1269.227564695942,19.487972615290
0.688588588589,13.416946170780,65.209339339339,1270.584802372825,19.484705952331
0.689439439439,13.431274362199,65.289914914915,1271.941682100212,19.481441869817
0.690290290290,13.445598777581,65.370490490491,1273.298204236964,19.478180363695
0.691141141141,13.459919420712,65.451066066066,1274.654369141419,19.474921429924
0.691991991992,13.474236295368,65.531641641642,1276.010177171388,19.471665064477
0.692842842843,13.488549405171,65.612217217217,1277.365628669655,19.468411263116
0.693693693694,13.502858753719,65.692792792793,1278.720723977204,19.465160021595
0.694544544545,13.517164345071,65.773368368368,1280.075463478209,19.461911336349
0.695395395395,13.531466182982,65.853943943944,1281.429847528402,19.458665203396
0.696246246246,13.545764271204,65.934519519520,1282.783876482996,19.455421618766
0.697097097097,13.560058613204,66.015095095095,1284.137550670447,19.452180578103
0.697947947948,13.574349212679,66.095670670671,1285.490870440735,19.448942077399
0.698798798799,13.588636073660,66.176246246246,1286.843836175617,19.445706113145
0.699649649650,13.602919199876,66.256821821822,1288.196448228244,19.442472681416
0.700500500501,13.617198594717,66.337397397397,1289.548706919723,19.439241777826
0.701351351351,13.631474261870,66.417972972973,1290.900612599132,19.436013398428
0.702202202202,13.645746205389,66.498548548549,1292.252165650330,19.432787539820
0.703053053053,13.660014428962,66.579124124124,1293.603366422742,19.429564198097
0.703903903904,13.674278935556,66.659699699700,1294.954215197175,19.426343368346
0.704754754755,13.688539729597,66.740275275275,1296.304712392862,19.423125047749
0.705605605606,13.702796814777,66.820850850851,1297.654858359372,19.419909232462
0.706456456456,13.717050194007,66.901426426426,1299.004653372457,19.416695917553
0.707307307307,13.731299871646,66.982002002002,1300.354097844898,19.413485100162
0.708158158158,13.745545851379,67.062577577578,1301.703192125591,19.410276776490
0.709009009009,13.759788136082,67.143153153153,1303.051936486945,19.407070941615
0.709859859860,13.774026730252,67.223728728729,1304.400331354820,19.403867592923
0.710710710711,13.788261637127,67.304304304304,1305.748377035972,19.400666726043
0.711561561562,13.802492860212,67.384879879880,1307.096073862069,19.397468336993
0.712412412412,13.816720403702,67.465455455455,1308.443422230536,19.394272422787
0.713263263263,13.830944270241,67.546031031031,1309.790422391869,19.391078978277
0.714114114114,13.845164464402,67.626606606607,1311.137074778906,19.387888001034
0.714964964965,13.859380989176,67.707182182182,1312.483379674925,19.384699486435
0.715815815816,13.873593848444,67.787757757758,1313.829337447617,19.381513431122
0.716666666667,13.887803045767,67.868333333333,1315.174948434093,19.378329831302
0.717517517518,13.902008584536,67.948908908909,1316.520212955588,19.375148682968
0.718368368368,13.916210468684,68.029484484484,1317.865131384404,19.371969982882
0.719219219219,13.930408701309,68.110060060060,1319.209704013926,19.368793726663
0.720070070070,13.944603286516,68.190635635636,1320.553931233091,19.365619911350
0.720920920921,13.958794227307,68.271211211211,1321.897813325951,19.362448532462
0.721771771772,13.972981527768,68.351786786787,1323.241350679611,19.359279587047
0.722622622623,13.987165190995,68.432362362362,1324.584543587219,19.356113070791
0.723473473473,14.001345220862,68.512937937938,1325.927392415669,19.352948980479
0.724324324324,14.015521620756,68.593513513514,1327.269897485548,19.349787312237
0.725175175175,14.029694394142,68.674089089089,1328.612059125246,19.346628062320
0.726026026026,14.043863544890,68.754664664665,1329.953877701043,19.343471227554
0.726876876877,14.058029075867,68.835240240240,1331.295353484619,19.340316803403
0.727727727728,14.072190991408,68.915815815816,1332.636486886294,19.337164787367
0.728578578579,14.086349294217,68.996391391391,1333.977278162386,19.334015174724
0.729429429429,14.100503988357,69.076966966967,1335.317727697433,19.330867962631
0.730280280280,14.114655077291,69.157542542543,1336.657835819494,19.327723147439
0.731131131131,14.128802564003,69.238118118118,1337.997602811040,19.324580724861
0.731981981982,14.142946452668,69.318693693694,1339.337029067676,19.321440692261
0.732832832833,14.157086746321,69.399269269269,1340.676114876644,19.318303045452
0.733683683684,14.171223448417,69.479844844845,1342.014860565099,19.315167780843
0.734534534535,14.185356562838,69.560420420420,1343.353266500753,19.312034895442
0.735385385385,14.199486092610,69.640995995996,1344.691332970152,19.308904385105
0.736236236236,14.213612041230,69.721571571572,1346.029060304501,19.305776246348
0.737087087087,14.227734412502,69.802147147147,1347.366448863964,19.302650476118
0.737937937938,14.241853209658,69.882722722723,1348.703498954569,19.299527070602
0.738788788789,14.255968435810,69.963298298298,1350.040210871198,19.296406025844
0.739639639640,14.270080094896,70.043873873874,1351.376584986690,19.293287339019
0.740490490490,14.284188190327,70.124449449449,1352.712621623943,19.290171006605
0.741341341341,14.298292725125,70.205025025025,1354.048321069336,19.287057024574
0.742192192192,14.312393702857,70.285600600601,1355.383683660560,19.283945389648
0.743043043043,14.326491127157,70.366176176176,1356.718709741769,19.280836098653
0.743893893894,14.340585001415,70.446751751752,1358.053399634033,19.277729148105
0.744744744745,14.354675328824,70.527327327327,1359.387753639635,19.274624534268
0.745595595596,14.368762112650,70.607902902903,1360.721772067920,19.271522253524
0.746446446446,14.382845356600,70.688478478478,1362.055455269996,19.268422302861
0.747297297297,14.396925064046,70.769054054054,1363.388803565113,19.265324678831
0.748148148148,14.411001238353,70.849629629630,1364.721817272074,19.262229377997
0.748998998999,14.425073882843,70.930205205205,1366.054496705211,19.259136396873
0.749849849850,14.439143000571,71.010780780781,1367.386842154062,19.256045731638
0.750700700701,14.453208595255,71.091356356356,1368.718853970681,19.252957379372
0.751551551552,14.467270670244,71.171931931932,1370.050532472064,19.249871336672
0.752402402402,14.481329228878,71.252507507508,1371.381877974764,19.246787600145
0.753253253253,14.495384274497,71.333083083083,1372.712890794882,19.243706166409
0.754104104104,14.509435810434,71.413658658659,1374.043571248076,19.240627032088
0.754954954955,14.523483840016,71.494234234234,1375.373919649554,19.237550193816
0.755805805806,14.537528366518,71.574809809810,1376.703936309279,19.234475648171
0.756656656657,14.551569393161,71.655385385385,1378.033621532314,19.231403391675
0.757507507508,14.565606923430,71.735960960961,1379.362975648781,19.228333421217
0.758358358358,14.579640960635,71.816536536537,1380.691998972111,19.225265733466
0.759209209209,14.593671508081,71.897112112112,1382.020691815289,19.222200325101
0.760060060060,14.607698569069,71.977687687688,1383.349054490862,19.219137192809
0.760910910911,14.621722146895,72.058263263263,1384.677087310934,19.216076333287
0.761761761762,14.635742244849,72.138838838839,1386.004790587170,19.213017743238
0.762612612613,14.649758866217,72.219414414414,1387.332164630794,19.209961419376
0.763463463463,14.663772014283,72.299989989990,1388.659209752593,19.206907358422
0.764314314314,14.677781692322,72.380565565566,1389.985926262914,19.203855557108
0.765165165165,14.691787903608,72.461141141141,1391.312314471667,19.200806012172
0.766016016016,14.705790651408,72.541716716717,1392.638374688327,19.197758720361
0.766866866867,14.719789938986,72.622292292292,1393.964107221929,19.194713678432
0.767717717718,14.733785769600,72.702867867868,1395.289512381075,19.191670883147
0.768568568569,14.747778146504,72.783443443443,1396.614590473932,19.188630331281
0.769419419419,14.761767072949,72.864019019019,1397.939341808232,19.185592019613
0.770270270270,14.775752552178,72.944594594595,1399.263766691275,19.182555944933
0.771121121121,14.789734587433,73.025170170170,1400.587865429925,19.179522104038
0.771971971972,14.803713181897,73.105745745746,1401.911638325650,19.176490493666
0.772822822823,14.817688338676,73.186321321321,1403.235085672647,19.173461110469
0.773673673674,14.831660061153,73.266896896897,1404.558207791172,19.170433951471
0.774524524525,14.845628352549,73.347472472472,1405.881004986369,19.167409013501
0.775375375375,14.859593216082,73.428048048048,1407.203477562957,19.164386293398
0.776226226226,14.873554654965,73.508623623624,1408.525625825222,19.161365788008
0.777077077077,14.887512672408,73.589199199199,1409.847450077024,19.158347494185
0.777927927928,14.901467271613,73.669774774775,1411.168950621796,19.155331408791
0.778778778779,14.915418455662,73.750350350350,1412.490127751152,19.152317528542
0.779629629630,14.929366227582,73.830925925926,1413.810981752032,19.149305850105
0.780480480480,14.943310590830,73.911501501502,1415.131512951566,19.146296370705
0.781331331331,14.957251548590,73.992077077077,1416.451721651490,19.143289087235
0.782182182182,14.971189104046,74.072652652653,1417.771608153109,19.140283996598
0.783033033033,14.985123260373,74.153228228228,1419.091172757312,19.137281095702
0.783883883884,14.999054020244,74.233803803804,1420.410415717113,19.134280380825
0.784734734735,15.012981387293,74.314379379379,1421.729337376691,19.131281849488
0.785585585586,15.026905364699,74.394954954955,1423.047938036948,19.128285498641
0.786436436436,15.040825955619,74.475530530531,1424.366217997087,19.125291325225
0.787287287287,15.054743162809,74.556106106106,1425.684177518035,19.122299325679
0.788138138138,15.068656989598,74.636681681682,1427.001816914945,19.119309497185
0.788988988989,15.082567439333,74.717257257257,1428.319136504820,19.116321836962
0.789839839840,15.096474515155,74.797832832833,1429.636136585187,19.113336341981
0.790690690691,15.110378219556,74.878408408408,1430.952817391953,19.110353008402
0.791541541542,15.124278556254,74.958983983984,1432.269179277215,19.107371833952
0.792392392392,15.138175528417,75.039559559560,1433.585222541067,19.104392815675
0.793243243243,15.152069138704,75.120135135135,1434.900947435225,19.101415949984
0.794094094094,15.165959390395,75.200710710711,1436.216354270390,19.098441234091
0.794944944945,15.179846286890,75.281286286286,1437.531443368528,19.095468665370
0.795795795796,15.193729830821,75.361861861862,1438.846214978781,19.092498240240
0.796646646647,15.207610025420,75.442437437437,1440.160669407275,19.089529955889
0.797497497497,15.221486874123,75.523013013013,1441.474806979428,19.086563809776
0.798348348348,15.235360379341,75.603588588589,1442.788627923551,19.083599798083
0.799199199199,15.249230544644,75.684164164164,1444.102132577768,19.080637918461
0.800050050050,15.263097373166,75.764739739740,1445.415321238830,19.077678168024
0.800900900901,15.276960867345,75.845315315315,1446.728194137529,19.074720543029
0.801751751752,15.290821031034,75.925890890891,1448.040751638877,19.071765041516
0.802602602603,15.304677866637,76.006466466466,1449.352993970542,19.068811659729
0.803453453453,15.318531377571,76.087042042042,1450.664921455932,19.065860395182
0.804304304304,15.332381566866,76.167617617618,1451.976534382237,19.062911244928
0.805155155155,15.346228437234,76.248193193193,1453.287833006035,19.059964205628
0.806006006006,15.360071992309,76.328768768769,1454.598817671666,19.057019275108
0.806856856857,15.373912234266,76.409344344344,1455.909488585038,19.054076449392
0.807707707708,15.387749167120,76.489919919920,1457.219846126261,19.051135726797
0.808558558559,15.401582792845,76.570495495496,1458.529890482444,19.048197103129
0.809409409409,15.415413115480,76.651071071071,1459.839622035960,19.045260576756
0.810260260260,15.429240137080,76.731646646647,1461.149040981429,19.042326143607
0.811111111111,15.443063861567,76.812222222222,1462.458147690437,19.039393801932
0.811961961962,15.456884291012,76.892797797798,1463.766942358856,19.036463547705
0.812812812813,15.470701429392,76.973373373373,1465.075425363392,19.033535379264
0.813663663664,15.484515278620,77.053948948949,1466.383596885298,19.030609292417
0.814514514515,15.498325842742,77.134524524525,1467.691457307641,19.027685285608
0.815365365365,15.512133123813,77.215100100100,1468.999006825057,19.024763354845
0.816216216216,15.525937125542,77.295675675676,1470.306245788845,19.021843498181
0.817067067067,15.539737850435,77.376251251251,1471.613174436184,19.018925712201
0.817917917918,15.553535301628,77.456826826827,1472.919793064193,19.016009994280
0.818768768769,15.567329482265,77.537402402402,1474.226101970493,19.013096341809
0.819619619620,15.581120394746,77.617977977978,1475.532101382406,19.010184751283
0.820470470470,15.594908042755,77.698553553554,1476.837791648883,19.007275220780
0.821321321321,15.608692428574,77.779129129129,1478.143172986004,19.004367746674
0.822172172172,15.622473555524,77.859704704705,1479.448245708154,19.001462326619
0.823023023023,15.636251426730,77.940280280280,1480.753010111323,18.998558958043
0.823873873874,15.650026044363,78.020855855856,1482.057466401147,18.995657637225
0.824724724725,15.663797412139,78.101431431431,1483.361614929591,18.992758362334
0.825575575576,15.677565532787,78.182007007007,1484.665455954970,18.989861130348
0.826426426426,15.691330408779,78.262582582583,1485.968989711402,18.986965937949
0.827277277277,15.705092043632,78.343158158158,1487.272216531941,18.984072783094
0.828128128128,15.718850440120,78.423733733734,1488.575136679396,18.981181662855
0.828978978979,15.732605600648,78.504309309309,1489.877750381409,18.978292573867
0.829829829830,15.746357528718,78.584884884885,1491.180057969630,18.975405514101
0.830680680681,15.760106227209,78.665460460460,1492.482059716683,18.972520480788
0.831531531532,15.773851698470,78.746036036036,1493.783755845102,18.969637470533
0.832382382382,15.787593945791,78.826611611612,1495.085146666429,18.966756481084
0.833233233233,15.801332972167,78.907187187187,1496.386232464203,18.963877509845
0.834084084084,15.815068780421,78.987762762763,1497.687013505856,18.961000554024
0.834934934935,15.828801372921,79.068338338338,1498.987490015593,18.958125610296
0.835785785786,15.842530753073,79.148913913914,1500.287662316041,18.955252676592
0.836636636637,15.856256923730,79.229489489490,1501.587530677230,18.952381750187
0.837487487487,15.869979887738,79.310065065065,1502.887095368822,18.949512828364
0.838338338338,15.883699647571,79.390640640641,1504.186356625021,18.946645907969
0.839189189189,15.897416206342,79.471216216216,1505.485314740609,18.943780986624
0.840040040040,15.911129567004,79.551791791792,1506.783969995323,18.940918061770
0.840890890891,15.924839732390,79.632367367367,1508.082322657359,18.938057130716
0.841741741742,15.938546705328,79.712942942943,1509.380372994547,18.935198190775
0.842592592593,15.952250488442,79.793518518519,1510.678121255438,18.932341239030
0.843443443443,15.965951084585,79.874094094094,1511.975567710179,18.929486272846
0.844294294294,15.979648496761,79.954669669670,1513.272712643298,18.926633289780
0.845145145145,15.993342727784,80.035245245245,1514.569556321169,18.923782287169
0.845995995996,16.007033780463,80.115820820821,1515.866099009803,18.920933262358
0.846846846847,16.020721657601,80.196396396396,1517.162340974854,18.918086212700
0.847697697698,16.034406362002,80.276971971972,1518.458282481612,18.915241135550
0.848548548549,16.048087896415,80.357547547548,1519.753923790523,18.912398028216
0.849399399399,16.061766263501,80.438123123123,1521.049265153569,18.909556887912
0.850250250250,16.075441466251,80.518698698699,1522.344306853925,18.906717712249
0.851101101101,16.089113507449,80.599274274274,1523.639049155442,18.903880498608
0.851951951952,16.102782389880,80.679849849850,1524.933492321612,18.901045244378
0.852802802803,16.116448116321,80.760425425425,1526.227636615571,18.898211946950
0.853653653654,16.130110689547,80.841001001001,1527.521482300099,18.895380603726
0.854504504505,16.143770112330,80.921576576577,1528.815029637617,18.892551212110
0.855355355355,16.157426387436,81.002152152152,1530.108278890195,18.889723769513
0.856206206206,16.171079517630,81.082727727728,1531.401230319543,18.886898273353
0.857057057057,16.184729505671,81.163303303303,1532.693884187021,18.884074721052
0.857907907908,16.198376354315,81.243878878879,1533.986240753632,18.881253110041
0.858758758759,16.212020066315,81.324454454454,1535.278300280026,18.878433437753
0.859609609610,16.225660644419,81.405030030030,1536.570063026501,18.875615701630
0.860460460460,16.239298091373,81.485605605606,1537.861529253003,18.872799899118
0.861311311311,16.252932409917,81.566181181181,1539.152699219127,18.869986027668
0.862162162162,16.266563602789,81.646756756757,1540.443573184112,18.867174084740
0.863013013013,16.280191672723,81.727332332332,1541.734151406853,18.864364067796
0.863863863864,16.293816622449,81.807907907908,1543.024434145890,18.861555974306
0.864714714715,16.307438454693,81.888483483483,1544.314421659416,18.858749801746
0.865565565566,16.321057172178,81.969059059059,1545.604114205273,18.855945547596
0.866416416416,16.334672777624,82.049634634635,1546.893512040956,18.853143209342
0.867267267267,16.348285273745,82.130210210210,1548.182615423611,18.850342784477
0.868118118118,16.361894663253,82.210785785786,1549.471424610039,18.847544270498
0.868968968969,16.375500948856,82.291361361361,1550.759939856688,18.844747664909
0.869819819820,16.389104133119,82.371936936937,1552.048161406381,18.841952965057
0.870670670671,16.402704218765,82.452512512513,1553.336089517034,18.839160168483
0.871521521522,16.416301208589,82.533088088088,1554.623724453402,18.836369272820
0.872372372372,16.429895105286,82.613663663664,1555.911066470558,18.833580275594
0.873223223223,16.443485911544,82.694239239239,1557.198115823231,18.830793174337
0.874074074074,16.457073630051,82.774814814815,1558.484872765807,18.828007966583
0.874924924925,16.470658263488,82.855390390390,1559.771337552329,18.825224649877
0.875775775776,16.484239814465,82.935965965966,1561.057510429862,18.822443221683
0.876626626627,16.497818285407,83.016541541542,1562.343391628084,18.819663679272
0.877477477477,16.511393679288,83.097117117117,1563.628981428562,18.816886020544
0.878328328328,16.524965998775,83.177692692693,1564.914280083975,18.814110243063
0.879179179179,16.538535246533,83.258268268268,1566.199287846659,18.811336344400
0.880030030030,16.552101425223,83.338843843844,1567.484004968613,18.808564322127
0.880880880881,16.565664537078,83.419419419419,1568.768431661287,18.805794173342
0.881731731732,16.579224585099,83.499994994995,1570.052568208866,18.803025896025
0.882582582583,16.592781571995,83.580570570571,1571.336414867932,18.800259487834
0.883433433433,16.606335500413,83.661146146146,1572.619971889133,18.797494946363
0.884284284284,16.619886372714,83.741721721722,1573.903239496043,18.794732268895
0.885135135135,16.633434191526,83.822297297297,1575.186217937526,18.791971453022
0.885985985986,16.646978959761,83.902872872873,1576.468907489337,18.789212496668
0.886836836837,16.660520680050,83.983448448448,1577.751308400778,18.786455397450
0.887687687688,16.674059354585,84.064024024024,1579.033420879187,18.783700152492
0.888538538539,16.687594986219,84.144599599600,1580.315245194914,18.780946759683
0.889389389389,16.701127577766,84.225175175175,1581.596781614461,18.778195216869
0.890240240240,16.714657131657,84.305750750751,1582.878030367898,18.775445521476
0.891091091091,16.728183650179,84.386326326326,1584.158991671905,18.772697670780
0.891941941942,16.741707136441,84.466901901902,1585.439665820943,18.769951662987
0.892792792793,16.755227592946,84.547477477477,1586.720053051954,18.767207495630
0.893643643644,16.768745021750,84.628053053053,1588.000153559708,18.764465165755
0.894494494494,16.782259426090,84.708628628629,1589.279967650730,18.761724671737
0.895345345345,16.795770808375,84.789204204204,1590.559495553090,18.758986011031
0.896196196196,16.809279170762,84.869779779780,1591.838737471195,18.756249180824
0.897047047047,16.822784516450,84.950355355355,1593.117693707853,18.753514179472
0.897897897898,16.836286847588,85.030930930931,1594.396364466602,18.750781004170
0.898748748749,16.849786166767,85.111506506507,1595.674749992843,18.748049652615
0.899599599600,16.863282476980,85.192082082082,1596.952850569982,18.745320122958
0.900450450450,16.876775779952,85.272657657658,1598.230666361464,18.742592411953
0.901301301301,16.890266079037,85.353233233233,1599.508197684851,18.739866518168
0.902152152152,16.903753376389,85.433808808809,1600.785444744072,18.737142438849
0.903003003003,16.917237674556,85.514384384384,1602.062407780456,18.734420171690
0.903853853854,16.930718976409,85.594959959960,1603.339087065913,18.731699714749
0.904704704705,16.944197283838,85.675535535536,1604.615482779477,18.728981065008
0.905555555556,16.957672600214,85.756111111111,1605.891595240280,18.726264221095
0.906406406406,16.971144927133,85.836686686687,1607.167424599506,18.723549179686
0.907257257257,16.984614268011,85.917262262262,1608.442971180652,18.720835939475
0.908108108108,16.998080624636,85.997837837838,1609.718235153061,18.718124497367
0.908958958959,17.011544000130,86.078413413413,1610.993216812349,18.715414851749
0.909809809810,17.025004396490,86.158988988989,1612.267916347599,18.712706999773
0.910660660661,17.038461816687,86.239564564565,1613.542334040292,18.710000939676
0.911511511512,17.051916262783,86.320140140140,1614.816470085540,18.707296668702
0.912362362362,17.065367737744,86.400715715716,1616.090324764369,18.704594185097
0.913213213213,17.078816243551,86.481291291291,1617.363898264273,18.701893486032
0.914064064064,17.092261783310,86.561866866867,1618.637190879449,18.699194569925
0.914914914915,17.105704358777,86.642442442442,1619.910202776176,18.696497433718
0.915765765766,17.119143973300,86.723018018018,1621.182934271477,18.693802076107
0.916616616617,17.132580628391,86.803593593594,1622.455385508634,18.691108493789
0.917467467467,17.146014327430,86.884169169169,1623.727556807635,18.688416685508
0.918318318318,17.159445072271,86.964744744745,1624.999448344046,18.685726648352
0.919169169169,17.172872865710,87.045320320320,1626.271060382732,18.683038380446
0.920020020020,17.186297710241,87.125895895896,1627.542393159851,18.680351879590
0.920870870871,17.199719607938,87.206471471471,1628.813446871740,18.677667143138
0.921721721722,17.213138561892,87.287047047047,1630.084221811134,18.674984169559
0.922572572573,17.226554573862,87.367622622623,1631.354718144692,18.672302955881
0.923423423423,17.239967646793,87.448198198198,1632.624936151267,18.669623500429
0.924274274274,17.253377783175,87.528773773774,1633.894876066690,18.666945801042
0.925125125125,17.266784984877,87.609349349349,1635.164538067849,18.664269854893
0.925975975976,17.280189255023,87.689924924925,1636.433922450655,18.661595660524
0.926826826827,17.293590595762,87.770500500501,1637.703029418636,18.658923215429
0.927677677678,17.306989009302,87.851076076076,1638.971859180879,18.656252517176
0.928528528529,17.320384498556,87.931651651652,1640.240412013288,18.653583564099
0.929379379379,17.333777065676,88.012227227227,1641.508688119502,18.650916353719
0.930230230230,17.347166712891,88.092802802803,1642.776687710765,18.648250883652
0.931081081081,17.360553443062,88.173378378378,1644.044411058017,18.645587152201
0.931931931932,17.373937258500,88.253953953954,1645.311858379928,18.642925157080
0.932782782783,17.387318161141,88.334529529530,1646.579029860037,18.640264895616
0.933633633634,17.400696153952,88.415105105105,1647.845925779271,18.637606366247
0.934484484484,17.414071239326,88.495680680681,1649.112546364185,18.634949566801
0.935335335335,17.427443419291,88.576256256256,1650.378891806876,18.632294494726
0.936186186186,17.440812696380,88.656831831832,1651.644962347175,18.629641148018
0.937037037037,17.454179073207,88.737407407407,1652.910758232735,18.626989524767
0.937887887888,17.467542552153,88.817982982983,1654.176279688929,18.624339622820
0.938738738739,17.480903135245,88.898558558559,1655.441526907659,18.621691439656
0.939589589590,17.494260825050,88.979134134134,1656.706500132266,18.619044973340
0.940440440440,17.507615624114,89.059709709710,1657.971199603554,18.616400221915
0.941291291291,17.520967534802,89.140285285285,1659.235625545727,18.613757183248
0.942142142142,17.534316559416,89.220860860861,1660.499778176655,18.611115855138
0.942992992993,17.547662700009,89.301436436436,1661.763657690826,18.608476235135
0.943843843844,17.561005959329,89.382012012012,1663.027264348412,18.605838321528
0.944694694695,17.574346339730,89.462587587588,1664.290598372457,18.603202112202
0.945545545546,17.587683843566,89.543163163163,1665.553659985714,18.600567605042
0.946396396396,17.601018473185,89.623738738739,1666.816449410645,18.597934797940
0.947247247247,17.614350230715,89.704314314314,1668.078966848742,18.595303688560
0.948098098098,17.627679118605,89.784889889890,1669.341212531866,18.592674274915
0.948948948949,17.641005139324,89.865465465465,1670.603186693971,18.590046555047
0.949799799800,17.654328295210,89.946041041041,1671.864889556369,18.587420526864
0.950650650651,17.667648588596,90.026616616617,1673.126321340085,18.584796188278
0.951501501502,17.680966021815,90.107192192192,1674.387482265860,18.582173537208
0.952352352352,17.694280597193,90.187767767768,1675.648372554148,18.579552571574
0.953203203203,17.707592317055,90.268343343343,1676.908992425118,18.576933289302
0.954054054054,17.720901183524,90.348918918919,1678.169342079747,18.574315688113
0.954904904905,17.734207199124,90.429494494495,1679.429421756998,18.571699766156
0.955755755756,17.747510366181,90.510070070070,1680.689231677349,18.569085521381
0.956606606607,17.760810687010,90.590645645646,1681.948772059830,18.566472951732
0.957457457457,17.774108163920,90.671221221221,1683.208043123189,18.563862055155
0.958308308308,17.787402799217,90.751796796797,1684.467045085893,18.561252829601
0.959159159159,17.800694595207,90.832372372372,1685.725778166124,18.558645273024
0.960010010010,17.813983554190,90.912947947948,1686.984242581786,18.556039383385
0.960860860861,17.827269678464,90.993523523524,1688.242438550500,18.553435158647
0.961711711712,17.840552970323,91.074099099099,1689.500366289607,18.550832596776
0.962562562563,17.853833432061,91.154674674675,1690.758026016169,18.548231695745
0.963413413413,17.867111065966,91.235250250250,1692.015417946966,18.545632453530
0.964264264264,17.880385874324,91.315825825826,1693.272542298501,18.543034868109
0.965115115115,17.893657859419,91.396401401401,1694.529399286996,18.540438937468
0.965965965966,17.906927023531,91.476976976977,1695.785989128397,18.537844659593
0.966816816817,17.920193368937,91.557552552553,1697.042312038370,18.535252032478
0.967667667668,17.933456897912,91.638128128128,1698.298368232304,18.532661054117
0.968518518519,17.946717612728,91.718703703704,1699.554157925312,18.530071722510
0.969369369369,17.959975515652,91.799279279279,1700.809681332229,18.527484035663
0.970220220220,17.973230608951,91.879854854855,1702.064938667613,18.524897991583
0.971071071071,17.986482894886,91.960430430430,1703.319930145750,18.522313588281
0.971921921922,17.999732375720,92.041006006006,1704.574655980645,18.519730823775
0.972772772773,18.012979053707,92.121581581582,1705.829116386032,18.517149696083
0.973623623624,18.026222931102,92.202157157157,1707.083311575371,18.514570203229
0.974474474474,18.039464010157,92.282732732733,1708.337241761844,18.511992343243
0.975325325325,18.052702293119,92.363308308308,1709.590907158364,18.509416114154
0.976176176176,18.065937782046,92.443883883884,1710.844307959754,18.506841513806
0.977027027027,18.079170479319,92.524459459459,1712.097444391497,18.504268540382
0.977877877878,18.092400387211,92.605035035035,1713.350316668847,18.501697191958
0.978728728729,18.105627507958,92.685610610611,1714.602925003624,18.499127466581
0.979579579580,18.118851843795,92.766186186186,1715.855269607380,18.496559362304
0.980430430430,18.132073396952,92.846761761762,1717.107350691395,18.493992877182
0.981281281281,18.145292169659,92.927337337337,1718.359168466681,18.491428009272
0.982132132132,18.158508164109,93.007912912913,1719.610723141163,18.488864756607
0.982982982983,18.171721382235,93.088488488488,1720.862014897674,18.486303116958
0.983833833834,18.184931826561,93.169064064064,1722.113043975348,18.483743088706
0.984684684685,18.198139499304,93.249639639640,1723.363810584120,18.481184669925
0.985535535536,18.211344402678,93.330215215215,1724.614314933652,18.478627858693
0.986386386386,18.224546538895,93.410790790791,1725.864557233345,18.476072653091
0.987237237237,18.237745909942,93.491366366366,1727.114537671502,18.473519050983
0.988088088088,18.250942518017,93.571941941942,1728.364256456257,18.470967050450
0.988938938939,18.264136365536,93.652517517518,1729.613713816260,18.468416649801
0.989789789790,18.277327454697,93.733093093093,1730.862909959840,18.465867847131
0.990640640641,18.290515787699,93.813668668669,1732.111845095063,18.463320640541
0.991491491491,18.303701366272,93.894244244244,1733.360519385916,18.460775027668
0.992342342342,18.316884193006,93.974819819820,1734.608933077654,18.458231007024
0.993193193193,18.330064270139,94.055395395395,1735.857086382155,18.455688576768
0.994044044044,18.343241599857,94.135970970971,1737.104979506424,18.453147735015
0.994894894895,18.356416183827,94.216546546547,1738.352612608416,18.450608479367
0.995745745746,18.369588024671,94.297122122122,1739.599985936300,18.448070808390
0.996596596597,18.382757124624,94.377697697698,1740.847099701921,18.445534720269
0.997447447447,18.395923485677,94.458273273273,1742.093954093657,18.443000212948
0.998298298298,18.409087109736,94.538848848849,1743.340549291990,18.440467284294
0.999149149149,18.422247999405,94.619424424424,1744.586885543678,18.437935932882
1.000000000000,18.435406156852,94.700000000000,1745.832963053893,18.435406156852
