scenario,case,duration,start,direction,envelope,deltaP_MW,baseline_window_avg_MW,activated_window_avg_MW,grid_import_MWh,grid_export_MWh,res_used_MWh,h2_min_kg,h2_max_kg,monthly_margin_MWh,weekly_min_margin_MWh,hourly_min_margin_MW
3,1,1,1,INC,PHYS,0.59857013,106.72863180,107.32720193,8843.32037079,9888.75945468,72824.13706576,2408.99999901,48180.00000025,4826.30753862,-3117.66550674,-101.68074366
3,1,1,1,INC,RM,0.59857013,106.72863180,107.32720193,13522.70309697,9742.55516278,67682.01926749,23836.68649418,48180.00000099,0.72052054,-4887.17475626,-101.68074366
3,1,1,1,DEC,PHYS,104.33435130,106.72863180,2.39428050,22610.78951612,0.00000000,48692.23699784,2408.99999901,27754.32173474,-18829.92106139,-9289.48928373,-101.68074366
3,1,1,1,DEC,RM,104.33435130,106.72863180,2.39428050,12111.31585048,8330.44739575,67367.50117034,2408.99999950,24090.00000000,0.00000000,-4382.50981137,-101.68074366
3,1,1,169,INC,PHYS,0.00000000,107.32720193,107.32720193,27477.57680827,9121.51130666,52873.58155744,2408.99999950,47816.66679484,-14575.19704687,-7994.87846620,-101.68074366
3,1,1,169,INC,RM,0.00000000,107.32720193,107.32720193,19191.21866628,15963.24328377,67978.33039091,2820.73740087,47816.66679484,552.89307221,-3127.96511896,-101.68074366
3,1,1,169,DEC,PHYS,104.93292143,107.32720193,2.39428050,26900.07671009,9253.59862616,53583.48525830,2408.99999950,47816.66679484,-13865.60962919,-7497.86590039,-101.68074366
3,1,1,169,DEC,RM,104.93292143,107.32720193,2.39428050,19923.14324175,16695.16785923,67962.00183306,17647.96682457,47816.66679484,552.89307221,-3998.00293323,-101.68074366
3,1,1,337,INC,PHYS,63.84856236,43.47863956,107.32720193,29909.62997117,13239.88883687,54369.16298844,2408.99999950,36320.64656287,-12888.87267959,-8026.13656753,-101.68074367
3,1,1,337,INC,RM,63.84856236,43.47863956,107.32720193,23403.07493039,16811.78372849,64407.60932077,2409.00000000,36669.80546453,-2810.42274724,-3301.07852133,-101.68074367
3,1,1,337,DEC,PHYS,41.08435906,43.47863956,2.39428050,30526.43035685,13289.39894725,53757.25810277,2408.99999975,35302.64187215,-13456.16295493,-8194.37939142,-101.68074367
3,1,1,337,DEC,RM,41.08435906,43.47863956,2.39428050,23464.51847180,16527.33472616,64055.40890073,2408.99999980,41174.19881465,-3156.31529096,-3651.43086479,-101.68074367
3,1,1,505,INC,PHYS,0.00000000,107.32720193,107.32720193,28099.37515281,10238.78284114,53405.27851909,2408.99999901,24090.00000000,-14079.72385694,-8862.78561235,-101.68074366
3,1,1,505,INC,RM,0.00000000,107.32720193,107.32720193,27992.20469713,10434.00035269,53492.06665008,2408.99999980,24090.00000000,-13777.33588973,-8546.47987241,-101.68074367
3,1,1,505,DEC,PHYS,104.93292143,107.32720193,2.39428050,28305.52470943,10336.55706706,53078.77198080,2408.99999939,24286.39996435,-14188.09918764,-8487.68266984,-101.68074367
3,1,1,505,DEC,RM,104.93292143,107.32720193,2.39428050,24883.33405453,357.38192812,46588.96613897,2408.99999901,24090.00000000,-20745.08367169,-8654.23985507,-101.68074369
3,1,1,673,INC,PHYS,0.00000000,107.32720193,107.32720193,41069.47423923,3010.02691379,33015.44406800,2409.00000000,24134.49605049,-34278.57887071,-13910.23468758,-101.68074366
3,1,1,673,INC,RM,0.00000000,107.32720193,107.32720193,41461.57940382,327.73675707,29874.36335995,2409.00000000,24090.00000000,-37352.97419228,-14146.45413172,-101.68074372
3,1,1,673,DEC,PHYS,104.93292143,107.32720193,2.39428050,43711.59739602,3020.21523963,30347.39989759,2408.99999939,24090.00000000,-36910.51370165,-14131.82011763,-101.68074369
3,1,1,673,DEC,RM,104.93292143,107.32720193,2.39428050,43958.72387548,3028.76476858,30101.75042328,2408.99999959,24090.00000000,-37149.09065260,-14168.53567996,-101.68074370
3,1,4,1,INC,PHYS,0.59857013,101.84879385,102.96958687,7173.98899226,4328.68909865,68304.94904854,2408.99999901,24090.00000025,935.56856112,-2278.22926855,-101.68074366
3,1,4,1,INC,RM,0.59857013,101.84879385,102.96958687,10736.15754336,7391.84078969,67817.19023914,2409.00000000,24725.41235954,436.55170106,-3240.27708269,-101.68074366
3,1,4,1,DEC,PHYS,84.81499950,101.84879385,2.54392303,7432.79599752,5318.14303774,69048.68084019,16854.36351532,48180.00000000,1666.21549495,-2719.97154350,-101.68074366
3,1,4,1,DEC,RM,84.81499950,101.84879385,2.54392303,11733.20470044,7952.33624571,67371.27473792,2408.99999901,24090.00000000,-0.00000000,-3865.08012091,-101.68074366
3,1,4,169,INC,PHYS,0.00000000,107.32720193,107.32720193,36668.10399377,9121.51130666,43668.62397082,2416.56984636,47816.66679484,-23765.72423238,-10390.58671874,-101.68074366
3,1,4,169,INC,RM,0.00000000,107.32720193,107.32720193,18785.79359867,15557.81821615,67897.47492363,17647.96682457,47816.66679484,552.89307221,-3250.64266860,-101.68074366
3,1,4,169,DEC,PHYS,104.93292143,107.32720193,2.39428050,34480.49669712,9121.51130666,45844.51163640,2408.99999975,47816.66679484,-21578.11693573,-8977.44578375,-101.68074366
3,1,4,169,DEC,RM,104.93292143,107.32720193,2.39428050,18196.88114044,14968.90575792,67941.63979690,2409.00000000,47816.66679484,552.89307221,-3639.00951623,-101.68074366
3,1,4,337,INC,PHYS,63.84856236,43.47863956,107.32720193,35474.97688139,13239.88883687,48804.95457278,2409.00000000,35302.64187215,-18454.21958986,-8327.12079564,-101.68074369
3,1,4,337,INC,RM,63.84856236,43.47863956,107.32720193,23988.89482757,17397.60362567,64460.08740098,2409.00000000,35302.64187215,-2810.42274724,-3567.79259511,-101.68074367
3,1,4,337,DEC,PHYS,41.08435906,43.47863956,2.39428050,36106.48533297,13289.39894725,48180.45591990,2408.99999980,35302.64187215,-19036.21793105,-8472.30786633,-101.68074367
3,1,4,337,DEC,RM,41.08435906,43.47863956,2.39428050,25364.03183133,18426.34862942,64069.27280880,2408.99999980,35302.64187215,-3156.81474724,-4160.58455632,-101.68074367
3,1,4,505,INC,PHYS,0.00000000,105.96540144,105.96540144,28238.08924474,10056.29731327,53059.83741467,2408.99999901,24090.00000000,-14400.92347674,-8916.88592388,-101.68074366
3,1,4,505,INC,RM,0.00000000,105.96540144,107.32720193,28023.29158121,10412.20826538,53417.03230305,2408.99999959,24090.00000000,-13830.21486133,-8686.78950009,-101.68074367
3,1,4,505,DEC,PHYS,99.48571950,105.96540144,2.84320809,29218.45309175,10016.45528215,51895.47514218,2408.99999901,24090.00000000,-15421.12935486,-8783.52595103,-101.68074369
3,1,4,505,DEC,RM,99.48571950,105.96540144,2.84320809,29492.03842991,10109.31136110,51728.18431748,2408.99999901,24090.00000000,-15601.85861408,-8996.44336784,-101.68074369
3,1,4,673,INC,PHYS,0.00000000,101.43491891,107.17755939,29214.18740916,2951.29260024,44813.27992773,2408.99999980,24090.00000000,-22482.02635419,-9479.24394224,-101.68074366
3,1,4,673,INC,RM,0.00000000,101.43491891,107.17755939,29729.29811222,3033.18859640,44373.14577656,3178.81200955,35728.00670025,-22915.24106109,-9398.33609833,-101.68074366
3,1,4,673,DEC,PHYS,70.80041204,101.43491891,27.99366254,31796.81144703,2759.24840483,41983.95952637,2408.99999959,24090.00000000,-25256.69458747,-9773.31953585,-101.68074370
3,1,4,673,DEC,RM,70.80041204,101.43491891,27.99366254,33374.82533198,2738.17466478,40387.14453434,2409.00000000,24090.00000000,-26855.78221379,-10149.96484340,-101.68074372
3,1,12,1,INC,PHYS,0.59857013,90.04111590,107.32720193,34211.12164457,0.00000000,37008.44010974,2409.00000000,24090.00000000,-30430.25318851,-10671.44758712,-101.68074366
3,1,12,1,INC,RM,0.59857013,90.04111590,107.22744024,11872.30508182,8091.43662709,67352.84582264,2409.00000000,24884.16319145,-0.00000005,-4222.82883983,-101.68074366
3,1,12,1,DEC,PHYS,46.50811950,90.04111590,2.44416134,31009.82499703,0.00000000,40186.58698153,2408.99999950,24090.00000000,-27228.95654235,-8803.67811561,-101.68074366
3,1,12,1,DEC,RM,46.50811950,90.04111590,2.94296978,26560.98216635,26414.76375669,71060.35156000,2408.99999918,24090.00000000,3634.65004507,-5241.69576962,-101.68074369
3,1,12,169,INC,PHYS,0.00000000,100.05046462,105.87466358,28673.16425169,9121.51130666,51698.28185210,2409.00000000,47816.66679484,-15770.78449093,-8267.58364630,-101.68074373
3,1,12,169,INC,RM,0.00000000,100.05046462,105.87466358,18021.91923978,14793.94385726,67972.66466716,2409.00000000,47816.66679484,552.89307221,-3427.06606198,-101.68074366
3,1,12,169,DEC,PHYS,75.92823950,100.05046462,2.94296978,30146.19189627,9121.51130666,50199.71322519,2409.00000000,47816.66679484,-17243.81213487,-8745.98056664,-101.68074366
3,1,12,169,DEC,RM,75.92823950,100.05046462,7.34785838,19905.36742317,16677.39204067,67984.04645314,2408.99999950,47816.66679484,552.89307221,-4288.97181783,-101.68074366
3,1,12,337,INC,PHYS,38.31904193,45.60609960,102.96958687,29942.10935964,13240.19480285,54333.46871282,2409.00000000,35302.64187215,-12921.04610207,-7721.97043366,-101.68074367
3,1,12,337,INC,RM,38.31904193,45.60609960,107.12767855,24064.10311078,17472.81190888,64470.22164758,2409.00000000,36699.27747000,-2810.42274724,-4089.17371070,-101.68074367
3,1,12,337,DEC,PHYS,41.08435906,45.60609960,2.39428050,29421.97774079,13239.88883687,54882.96245494,2409.00000000,35302.64187215,-12401.22044926,-7449.16251403,-101.68074367
3,1,12,337,DEC,RM,41.08435906,45.60609960,2.39428050,22939.48152075,16348.19031885,64507.20176938,2409.00000000,35302.64187215,-2810.42274724,-3316.58899386,-101.68074367
3,1,12,505,INC,PHYS,0.00000000,97.92003763,98.19159129,27796.76851785,9902.36607893,53388.93565426,2408.99999901,38538.40141356,-14113.53398419,-8749.44943995,-101.68074371
3,1,12,505,INC,RM,0.00000000,97.92003763,106.09091160,27985.04921825,10572.39809572,53609.67734023,2408.99999959,24090.00000000,-13631.78266789,-8478.66376258,-101.68074367
3,1,12,505,DEC,PHYS,71.29520854,97.92003763,21.95775245,29430.87674388,9720.07387083,51439.28985861,2408.99999901,24090.00000000,-15929.93441836,-8550.42281244,-101.68074369
3,1,12,505,DEC,RM,71.29520854,97.92003763,22.91085584,11452.74391819,10488.73244253,70212.85000347,2408.99999901,24090.00000000,2816.85697893,-3256.08081795,-101.68074369
3,1,12,673,INC,PHYS,0.00000000,97.53244911,107.07779771,28519.87854515,2836.73127962,45419.90784631,2409.00000000,26297.20022492,-21902.27881080,-8800.57699026,-101.68074366
3,1,12,673,INC,RM,0.00000000,97.53244911,107.12767855,30974.28305978,3021.32224119,43075.74156916,2408.99999939,24090.00000000,-24172.09236386,-9575.49803218,-101.68074370
3,1,12,673,DEC,PHYS,19.21259228,97.53244911,78.31985683,31771.65308406,2642.76880575,41851.27396326,2408.99999939,24090.00000000,-25348.01582378,-9681.74120495,-101.68074370
3,1,12,673,DEC,RM,19.21259228,97.53244911,78.31985683,32598.02204578,2803.00095487,41191.09819234,2409.00000000,24090.00000000,-26014.15263688,-9690.65908855,-101.68074372
3,2,1,1,INC,PHYS,0.00000000,107.32720193,107.32720193,34529.27205931,0.00000000,36582.80437809,2408.99999926,24090.00000000,-30748.40360458,-10524.35383379,-101.68074366
3,2,1,1,INC,RM,0.00000000,107.32720193,107.32720193,10264.14705576,6982.40737903,67781.72537300,2409.00000000,24090.00000000,499.12877800,-0.00000000,-101.68074366
3,2,1,1,DEC,PHYS,104.93292143,107.32720193,2.39428050,31649.25266391,13712.79750329,53211.29802414,2408.99999918,24090.00000000,-14155.58670589,-8392.51237749,-101.68074366
3,2,1,1,DEC,RM,104.93292143,107.32720193,2.39428050,9733.36115651,6436.30222625,67762.80229554,2408.99999950,24090.00000000,483.80952442,-0.00000005,-101.68074366
3,2,1,169,INC,PHYS,0.59857013,106.72863180,107.32720193,28553.88717895,9221.82836423,51878.61762497,2408.99999950,34407.59400809,-15551.19035999,-7203.30732653,-101.68074366
3,2,1,169,INC,RM,0.59857013,106.72863180,107.32720193,17903.36240861,16086.14451509,69317.89598407,16132.81470719,48180.00000000,1963.65056121,-0.00000000,-101.68074366
3,2,1,169,DEC,PHYS,104.33435130,106.72863180,2.39428050,29332.19758823,9194.67396616,51001.69661669,2408.99999975,34407.59400809,-16356.65516734,-8621.25734805,-101.68074366
3,2,1,169,DEC,RM,104.33435130,106.72863180,2.39428050,17654.12659036,15836.90869684,69247.15693543,9103.10364537,37578.09042798,1963.65056121,-0.00000000,-101.68074366
3,2,1,337,INC,PHYS,63.84856236,43.47863956,107.32720193,30599.21705213,13141.12306746,53559.76853154,2408.99999950,37426.61199480,-13677.22552995,-7430.55386529,-101.68074369
3,2,1,337,INC,RM,63.84856236,43.47863956,107.32720193,22351.99690571,17322.18495386,66006.27346950,2409.00000000,35442.48649368,-1248.94349719,-2103.42046224,-101.68074369
3,2,1,337,DEC,PHYS,41.08435906,43.47863956,2.39428050,30724.97168889,13205.78497500,53508.99876062,2408.99999926,32998.37419507,-13738.31825925,-7281.19436335,-101.68074367
3,2,1,337,DEC,RM,41.08435906,43.47863956,2.39428050,21929.65203651,16550.18792468,65666.03499450,2409.00000000,32998.37419507,-1598.59565713,-2155.09601453,-101.68074367
3,2,1,505,INC,PHYS,0.00000000,107.32720193,107.32720193,27127.04836042,10281.47858513,54356.81664486,2408.99999901,25419.28634933,-13064.70132056,-8375.20374605,-101.68074366
3,2,1,505,INC,RM,0.00000000,107.32720193,107.32720193,28770.00760646,10386.19079184,52664.43158965,2408.99999901,24090.00000000,-14602.94835989,-8792.36669195,-101.68074370
3,2,1,505,DEC,PHYS,104.93292143,107.32720193,2.39428050,29259.11159432,10308.35352073,52106.76669270,2408.99999901,24090.00000000,-15169.88961886,-9017.39140946,-101.68074369
3,2,1,505,DEC,RM,104.93292143,107.32720193,2.39428050,30041.20053819,10354.12007450,51395.76640075,2408.99999901,24090.00000000,-15906.21200896,-9215.56173734,-101.68074367
3,2,1,673,INC,PHYS,0.00000000,107.32720193,107.32720193,28871.91190158,2962.21331919,45152.93696599,2409.00000000,24090.00000000,-22128.83012904,-9632.94728297,-101.68074366
3,2,1,673,INC,RM,0.00000000,107.32720193,107.32720193,31170.19274933,3048.43903819,42879.85968566,2408.99999939,24090.00000000,-24340.88525642,-9627.10485996,-101.68074369
3,2,1,673,DEC,PHYS,104.93292143,107.32720193,2.39428050,32992.97850599,3103.01103320,41122.49945469,2408.99999939,24090.00000000,-26109.09901808,-9762.99756098,-101.68074367
3,2,1,673,DEC,RM,104.93292143,107.32720193,2.39428050,7376.33623210,2549.82117377,66238.97457017,2408.99999980,24090.00000000,-1045.64660360,-2872.85839627,-101.68074366
3,2,4,1,INC,PHYS,0.00000000,102.14807891,102.81994434,39741.97441926,0.00000000,31468.35599782,2409.00000000,24439.15889934,-35961.10596453,-10582.11014455,-101.68074366
3,2,4,1,INC,RM,0.00000000,102.14807891,102.14807891,15683.18023091,22051.31964904,77533.26727850,2408.99999918,24090.00000000,10149.00787287,-0.00000000,-101.68074366
3,2,4,1,DEC,PHYS,84.81499950,102.14807891,17.33307941,7457.59300646,0.00000000,63519.56902373,19024.72280264,48180.00000050,-3676.72455173,-3128.48985274,-101.68074366
3,2,4,1,DEC,RM,84.81499950,102.14807891,16.91012813,10626.96367537,6846.09522063,67374.65067506,17265.51996285,48180.00000000,0.00000000,-0.00000000,-101.68074366
3,2,4,169,INC,PHYS,0.00000000,107.02791686,107.17755939,15100.47643882,11212.30882410,67381.77365250,17901.28032231,47513.78731749,-107.29915999,-1511.57261005,-101.68074366
3,2,4,169,INC,RM,0.00000000,107.02791686,107.17755939,16192.77723411,14374.86655304,69374.58608307,2409.00000000,39351.59227233,1962.95777360,-0.00000005,-101.68074366
3,2,4,169,DEC,PHYS,104.33435130,107.02791686,2.69356556,46864.96509817,9194.67396616,33520.06890385,2408.99999950,34407.59400809,-33889.42267702,-13299.32230222,-101.68074368
3,2,4,169,DEC,RM,104.33435130,107.02791686,2.54392303,16268.82984436,14451.61195155,69397.51458371,2409.00000000,34407.59400809,1963.65056052,-0.00000005,-101.68074366
3,2,4,337,INC,PHYS,63.84856236,43.47863956,107.32720193,44652.38075779,13141.12306746,39493.84902130,2408.99999975,32998.37419507,-27730.38923561,-13546.96309003,-101.68074369
3,2,4,337,INC,RM,63.84856236,43.47863956,107.32720193,21745.56077848,16715.74882663,65980.34713987,2408.99999975,32998.37419507,-1248.94349719,-2103.42046224,-101.68074369
3,2,4,337,DEC,PHYS,41.08435906,43.47863956,2.39428050,46075.83716656,13205.78497500,38163.92179065,2409.00000000,32998.37419507,-29089.18373687,-13635.65837307,-101.68074367
3,2,4,337,DEC,RM,41.08435906,43.47863956,2.39428050,22218.27529302,16838.81118119,65618.57823149,2409.00000000,32998.37419507,-1598.59565713,-2155.09601453,-101.68074367
3,2,4,505,INC,PHYS,0.00000000,105.81575891,106.66919374,26735.96480364,10176.66702035,54506.50349563,2408.99999901,24090.00000000,-12778.42932857,-8594.01077379,-101.68074366
3,2,4,505,INC,RM,0.00000000,105.81575891,105.81575891,28220.13508778,10336.82403977,53137.22037595,2408.99999901,24090.00000000,-14102.44259328,-8525.06016875,-101.68074367
3,2,4,505,DEC,PHYS,99.48571950,105.81575891,2.84320809,29335.76711145,10363.19344492,52128.98064939,2408.99999901,24090.00000000,-15191.70521180,-8641.60176665,-101.68074369
3,2,4,505,DEC,RM,99.48571950,105.81575891,2.84320809,30065.02899453,9999.27503571,51034.34895873,2408.99999901,24090.00000000,-16284.88550409,-8940.16427823,-101.68074370
3,2,4,673,INC,PHYS,0.00000000,101.58456144,107.32720193,29519.18497816,2933.30558247,44535.46669084,2409.00000000,40029.01806761,-22805.01094096,-8907.30635512,-101.68074366
3,2,4,673,INC,RM,0.00000000,101.58456144,107.32720193,29578.79702076,167.71722360,41637.30144254,3140.46599693,35072.56035458,-25630.21134244,-9456.12165908,-101.68074366
3,2,4,673,DEC,PHYS,70.99993541,101.58456144,27.99366254,32192.64075529,2652.94990690,41487.86709650,2409.00000000,24090.00000000,-25758.82239499,-9610.67098365,-101.68074372
3,2,4,673,DEC,RM,70.99993541,101.58456144,27.84402001,33378.49237651,13523.64453377,51183.34250800,2408.99999959,24090.00000000,-16073.97938801,-9482.70226630,-101.68074367
3,2,12,1,INC,PHYS,0.00000000,90.29052012,102.38640095,32580.06813252,0.00000000,38642.91954902,2409.00000000,24245.30332465,-28799.19967843,-9486.57478584,-101.68074369
3,2,12,1,INC,RM,0.00000000,90.29052012,107.32720193,9753.27349595,7214.46193067,68696.80700455,2408.99999926,25486.63560016,1242.05688944,-0.00000000,-101.68074366
3,2,12,1,DEC,PHYS,46.50811950,90.29052012,2.54392303,30641.02978351,0.00000000,40538.47800653,2408.99999950,24090.00000000,-26860.16132878,-8737.15355207,-101.68074366
3,2,12,1,DEC,RM,46.50811950,90.29052012,2.39428050,9457.07898065,6911.10898695,68657.80186589,2409.00000000,24090.00000000,1234.89846098,-0.00000000,-101.27322366
3,2,12,169,INC,PHYS,0.00000000,99.95070293,105.72502104,28091.84323735,9194.67396616,52415.04700499,2409.00000000,35455.07070660,-15116.30081646,-7225.94452152,-101.68074366
3,2,12,169,INC,RM,0.00000000,99.95070293,105.77490189,17434.82104004,15617.70460065,69430.36303329,2409.00000000,34852.59830094,1963.75201535,-0.00000000,-101.68074366
3,2,12,169,DEC,PHYS,75.92823950,99.95070293,2.59380388,28199.89993681,9194.67396616,52272.16559744,2409.00000000,34407.59400809,-15224.35751663,-7349.65874575,-101.68074366
3,2,12,169,DEC,RM,75.92823950,99.95070293,9.06787101,18225.08898074,16407.87108724,69405.03643081,6287.01869745,34407.59400809,1963.65056121,-0.00000000,-101.68074366
3,2,12,337,INC,PHYS,38.31904193,46.71630368,104.22260185,30420.04033459,13141.12306746,53790.46588851,2408.99999926,33888.38278203,-13498.04881241,-7175.32223246,-101.68074369
3,2,12,337,INC,RM,38.31904193,46.71630368,107.12767855,22348.68463512,17318.87268327,66019.16654720,2409.00000000,34395.00979317,-1248.94349713,-2103.42046224,-101.68074369
3,2,12,337,DEC,PHYS,41.08435906,46.71630368,2.39428050,28808.92128099,13141.12306746,55405.81704090,2409.00000000,32998.37419507,-11886.92975887,-5628.53968472,-101.68074369
3,2,12,337,DEC,RM,41.08435906,46.71630368,2.49404219,21703.87949219,16692.79844910,66034.88149501,2409.00000000,32998.37419507,-1230.21258837,-2103.42046224,-101.68074369
3,2,12,505,INC,PHYS,0.00000000,97.87015679,106.37859316,26207.82398730,9986.55885575,54949.81785489,2408.99999901,24090.00000000,-12440.39667682,-8701.54581726,-101.68074366
3,2,12,505,INC,RM,0.00000000,97.87015679,104.30348466,27678.39610749,10018.63201055,53402.81379387,2408.99999959,24241.90391385,-13878.89564224,-9048.00885710,-101.68074369
3,2,12,505,DEC,PHYS,65.58992854,97.87015679,31.07362936,28628.28237109,9782.05557456,52276.12545472,2408.99999950,24090.00000000,-15065.35834180,-9034.39586828,-101.68074371
3,2,12,505,DEC,RM,65.58992854,97.87015679,30.56586502,28510.47579523,9550.86621605,52166.97911162,2408.99999926,24090.00000000,-15178.74112452,-8852.16778607,-101.68074371
3,2,12,673,INC,PHYS,0.00000000,97.58232996,107.12767855,29019.17420319,2666.79383063,44717.44801704,2409.00000000,24090.00000000,-22571.51191783,-9182.40133959,-101.68074366
3,2,12,673,INC,RM,0.00000000,97.58232996,107.12767855,29707.89831431,2991.58842926,44331.80287636,2409.00000000,25488.87126090,-22935.44143032,-8452.26048790,-101.68074366
3,2,12,673,DEC,PHYS,19.26173786,97.58232996,78.32059210,30552.47326064,2760.15998833,43211.54302474,2408.99999959,24090.00000000,-24011.44481758,-9457.58379041,-101.68074367
3,2,12,673,DEC,RM,19.26173786,97.58232996,78.32059210,29355.64512673,13134.16877142,54770.72915541,2408.99999918,24090.00000000,-12440.60790058,-8951.78549661,-101.68074367
3,3,1,1,INC,PHYS,0.59857013,106.72863180,107.32720193,33978.64098773,0.00000000,37261.58750278,2408.99999950,24181.10214610,-30197.77253300,-11099.08989096,-101.68074366
3,3,1,1,INC,RM,0.59857013,106.72863180,107.32720193,1218.90839920,3427.73610265,73397.38564874,2408.99999901,48176.24100755,5989.69615813,274.19797674,-0.00000000
3,3,1,1,DEC,PHYS,104.33435130,106.72863180,2.39428050,41649.05131338,0.00000000,29610.33522437,2408.99999975,27157.56553326,-37868.18285865,-11005.90773427,-101.68074366
3,3,1,1,DEC,RM,0.56490589,106.72863180,106.16372591,1213.62955910,2891.98607725,72866.89923052,2408.99999901,48170.79750825,5459.22497288,274.79654692,-0.00000000
3,3,1,169,INC,PHYS,0.00000000,107.32720193,107.32720193,13518.17857950,14742.36780248,72509.92215653,18853.74382424,48180.00000000,5005.05767771,-1512.56048177,-101.68074366
3,3,1,169,INC,RM,0.00000000,107.32720193,107.32720193,9769.84442938,9193.47682591,70603.03827081,2408.99999975,48180.00000000,3204.50085126,195.57182905,-101.68074366
3,3,1,169,DEC,PHYS,104.93292143,107.32720193,2.39428050,37068.33113381,9193.47682591,43323.58286348,2409.00000000,34915.05321669,-24093.98585318,-10368.34353099,-101.68074366
3,3,1,169,DEC,RM,0.59857012,107.32720193,106.72863180,9756.79159133,9193.47682591,70616.09110886,2408.99999975,48180.00000000,3217.55368930,191.89966518,-101.68074366
3,3,1,337,INC,PHYS,104.93292143,2.39428050,107.32720193,26940.02007325,19811.19274856,64227.99569454,2408.99999939,36907.74562705,-3347.95886988,-10054.20559578,-101.68074369
3,3,1,337,INC,RM,0.01577602,2.39428050,2.41005652,8751.89010906,20013.35065559,82606.83861381,2408.99999918,36985.33647097,15042.32900118,196.08965606,-101.68074369
3,3,1,337,DEC,PHYS,0.00000000,2.39428050,2.39428050,27144.12685318,19811.19274856,64014.26306972,2408.99999939,36907.74562705,-3552.06564981,-10204.76187676,-101.68074369
3,3,1,337,DEC,RM,0.00000000,2.39428050,2.39428050,8758.64280397,20013.35065625,82600.08591833,2409.00000000,36985.33647097,15035.57630569,197.77392326,-101.68074369
3,3,1,505,INC,PHYS,0.59857013,106.72863180,107.32720193,21051.12158655,10022.08308495,60163.91503192,2408.99999901,24241.90391385,-7248.17004686,-8735.36925263,-101.68074366
3,3,1,505,INC,RM,0.59857013,106.72863180,107.32720193,15676.41247503,9490.20978708,64858.85101823,2408.99999901,24090.00000000,-2405.33423404,-8181.27516707,-101.68074367
3,3,1,505,DEC,PHYS,104.33435130,106.72863180,2.39428050,22301.20545346,10250.58856053,59021.23373135,2408.99999901,24090.00000000,-8269.74843821,-8087.07786282,-101.68074369
3,3,1,505,DEC,RM,0.00000000,106.72863180,106.72863180,17501.94667239,9142.13826106,62692.62713134,2408.99999901,24090.00000000,-4578.93995739,-8362.57663063,-101.68074367
3,3,1,673,INC,PHYS,0.00000000,107.32720193,107.32720193,23392.67500126,2924.31445290,50600.14874189,2408.99999980,24090.00000000,-16687.49209364,-8845.77277568,-101.68074366
3,3,1,673,INC,RM,0.00000000,107.32720193,107.32720193,23699.33798988,2666.36475441,49989.94600819,2408.99999939,24090.00000000,-17252.10478073,-9409.89842958,-101.68074369
3,3,1,673,DEC,PHYS,104.93292143,107.32720193,2.39428050,27712.11699724,2981.30787389,46393.21555105,2409.00000000,34536.39321154,-20949.94066862,-10294.58189410,-101.68074366
3,3,1,673,DEC,RM,0.59857013,107.32720193,106.72863180,24984.74913250,2739.90191125,48845.93525744,2409.00000000,27173.39483425,-18463.97876790,-9685.06587329,-101.68074366
3,3,4,1,INC,PHYS,0.00000000,103.18710106,107.32720193,7361.19447829,7238.67218451,71108.63041954,6807.98885359,24788.35928862,3658.34616095,-3128.84752135,-101.68074366
3,3,4,1,INC,RM,0.00000000,103.18710106,103.62761259,1168.72081029,4258.76866915,74278.59338242,2408.99999901,48171.12841881,6870.91631359,274.78778172,-0.00000000
3,3,4,1,DEC,PHYS,88.97108807,103.18710106,2.84320809,6287.69942215,6756.94194028,71749.27724341,12573.55900795,32783.74167900,4250.11097286,-2415.05765518,-101.68074366
3,3,4,1,DEC,RM,0.00000000,103.18710106,103.18710106,1167.11374809,4285.90368500,74307.33264928,2408.99999901,48170.79750825,6899.65839164,274.19797680,-0.00000000
3,3,4,169,INC,PHYS,0.00000000,107.17755939,107.17755939,35940.92975408,9193.47682591,44495.11727305,2408.99999975,40961.75250035,-22966.58447344,-10418.20059942,-101.68074366
3,3,4,169,INC,RM,0.00000000,107.17755939,107.32720193,9275.58677781,11615.99356244,73519.81265886,2408.99999901,48170.79750825,6121.27523930,274.19797674,-101.68074366
3,3,4,169,DEC,PHYS,104.33435130,107.17755939,2.39428050,38583.84342145,9193.47682591,41876.98965615,18853.74382444,38665.77917671,-25609.49814082,-11630.13754368,-101.68074366
3,3,4,169,DEC,RM,0.00000000,107.17755939,107.02791686,9276.25621983,11086.77303949,72989.92269390,2408.99999901,48170.79750825,5591.38527434,274.78778166,-101.68074366
3,3,4,337,INC,PHYS,104.93292143,2.39428050,107.32720193,28494.52443171,19811.19274856,62636.82342561,2408.99999939,41602.54813418,-4902.46322840,-11973.61733299,-101.68074369
3,3,4,337,INC,RM,0.00394400,2.39428050,2.39822450,8832.29584832,20013.35065625,82526.43287398,2409.00000000,36985.33647097,14961.92326134,131.32500749,-101.68074369
3,3,4,337,DEC,PHYS,0.00000000,2.39428050,2.39428050,28467.95309599,19811.19274856,62712.03345636,2408.99999939,36907.74562705,-4875.89189262,-11396.91939690,-101.68074369
3,3,4,337,DEC,RM,0.00000000,2.39428050,2.39428050,8454.78555297,21446.18976063,84336.78227500,2408.99999901,36985.33647097,16772.27266236,274.19797680,-101.68074369
3,3,4,505,INC,PHYS,0.00000000,106.87827433,106.87827433,21963.21029388,9981.18728552,59179.26423652,2408.99999901,24090.00000000,-8201.15455363,-10050.22542986,-101.68074366
3,3,4,505,INC,RM,0.00000000,106.87827433,107.32720193,6643.04400584,11588.10269265,76063.37456849,2408.99999901,24090.00000000,8725.92714155,-3090.78167647,-101.68074369
3,3,4,505,DEC,PHYS,104.33435130,106.87827433,2.54392303,24489.65962918,9719.03628147,56382.69635916,2408.99999901,24090.00000000,-10989.75489298,-10070.64919865,-101.68074373
3,3,4,505,DEC,RM,0.00000000,106.87827433,106.87827433,18856.05431631,9215.80488532,61437.09012203,2408.99999901,24090.00000000,-5859.38097626,-9511.88479924,-101.68074367
3,3,4,673,INC,PHYS,0.00000000,102.74863235,107.32720193,8641.06198761,6718.91618016,69121.65382511,2408.99999980,24090.00000000,1858.72264727,-3116.90932181,-101.68074369
3,3,4,673,INC,RM,0.00000000,102.74863235,102.89827488,7085.13028813,5830.96801561,69807.05297153,2408.99999980,24090.00000000,2526.70618221,-3100.34833083,-101.68074369
3,3,4,673,DEC,PHYS,57.61314832,102.74863235,45.13548403,30283.82745301,2651.15419584,43451.63855471,6981.21389738,48180.00000000,-23851.80480245,-10882.72760934,-101.68074366
3,3,4,673,DEC,RM,0.00000000,102.74863235,102.74863235,27312.32448664,2633.13086814,46367.76620795,5235.41939779,39724.06579155,-20898.32516377,-10463.68305562,-101.68074366
3,3,12,1,INC,PHYS,0.00000000,92.43694323,105.77490189,31522.15314419,0.00000000,39664.73709746,2409.00000000,25560.05930538,-27741.28468944,-11097.72079057,-101.68074366
3,3,12,1,INC,RM,0.00000000,92.43694323,92.81922049,1180.36801278,3648.33253799,73656.52527809,2409.00000000,48176.57191811,6248.83297925,274.79654687,-0.00000000
3,3,12,1,DEC,PHYS,50.30156387,92.43694323,10.49080744,38601.49472758,0.00000000,32671.08632658,2455.45136010,24090.00000000,-34820.62627284,-12452.32794027,-101.68074366
3,3,12,1,DEC,RM,0.00000000,92.43694323,92.43694323,1208.78207477,2789.86404211,72769.62467966,2408.99999901,48170.79750825,5361.95042202,274.19797674,-0.00000000
3,3,12,169,INC,PHYS,0.00000000,101.51058152,107.27732108,38861.70582216,9193.47682591,41589.56386764,2409.00000000,35264.21211503,-25887.36054216,-11848.57206715,-101.68074366
3,3,12,169,INC,RM,0.00000000,101.51058152,101.80986658,9294.41982304,11180.86782741,73065.85387861,2408.99999901,48170.79750825,5667.31645905,274.19797674,-101.68074366
3,3,12,169,DEC,PHYS,80.44230946,101.51058152,2.74344641,13458.46116004,13853.68498213,71648.94703416,15407.50588618,40799.73239566,4176.09227683,-1980.69872824,-101.68074366
3,3,12,169,DEC,RM,0.00000000,101.51058152,101.34056690,9969.28447718,9193.47682591,70403.59822301,2408.99999975,48180.00000000,3005.06080346,62.93373737,-101.68074366
3,3,12,337,INC,PHYS,34.02449514,11.56998008,87.76037140,29789.40520573,20019.53317234,61619.16538774,2408.99999939,36651.92958592,-5989.00357858,-11773.28345610,-101.68074369
3,3,12,337,INC,RM,0.00131467,11.56998008,11.57129475,8943.42229260,20013.35065625,82415.30642964,2409.00000000,36985.33647097,14850.79681700,64.76464856,-101.68074369
3,3,12,337,DEC,PHYS,0.00000000,11.56998008,11.56998008,28970.31466624,20019.53317234,62468.66440715,2408.99999939,36651.92958592,-5169.91303909,-10894.72682095,-101.68074369
3,3,12,337,DEC,RM,0.00000000,11.56998008,11.56998008,8933.17518241,20013.35065625,82425.55353983,2409.00000000,36985.33647097,14861.04392720,79.18117106,-101.68074369
3,3,12,505,INC,PHYS,0.00000000,100.12842409,104.03234376,23268.07435230,9801.20212635,57687.93167182,2408.99999901,48037.63521288,-9686.00377123,-11251.26483229,-101.68074366
3,3,12,505,INC,RM,0.00000000,100.12842409,100.57735168,18800.89678123,9030.14459278,61326.63129341,2408.99999901,24090.00000000,-5989.88373372,-10245.62640083,-101.68074367
3,3,12,505,DEC,PHYS,50.76911933,100.12842409,49.35930476,24768.52248005,9417.13510558,55730.69434739,2408.99999926,24090.00000000,-11570.51891987,-10066.73712472,-101.68074373
3,3,12,505,DEC,RM,0.00000000,100.12842409,100.12842409,20084.61741869,9076.66890071,60066.11639342,2408.99999959,24090.00000000,-7227.08006325,-10144.67225962,-101.68074369
3,3,12,673,INC,PHYS,0.00000000,100.41194057,107.17755939,27198.36415785,2733.98289568,46640.47993232,3558.97667336,29605.81059938,-20683.51280744,-10678.28498825,-101.68074366
3,3,12,673,INC,RM,0.00000000,100.41194057,100.66134479,25835.78507681,2515.76147869,47738.18353783,3332.15688012,48180.00000000,-19539.15514339,-10460.32114119,-101.68074366
3,3,12,673,DEC,PHYS,15.30130422,100.41194057,85.11063635,28619.32185316,2711.76546537,45103.90667856,2408.99999959,24090.00000000,-22126.68793307,-10955.06563602,-101.68074369
3,3,12,673,DEC,RM,0.00000000,100.41194057,100.41194057,28263.39880329,2518.75432931,45271.27726125,2408.99999959,24090.00000000,-21963.77601925,-10748.70557957,-101.68074370
